Locutor,text,Sarcasmo,Utsumi,hipérbole,Haverkate,Grice,Nakamura,Acto de habla
archer,Francamente no,FALSE,,FALSE,,,,
cheryl,"Lo del canadiense. Por favor, como que vosotros no os tiraríais allí si pudieseis",FALSE,,FALSE,,,,
archer,Tienes razón. A lo mejor así te liberas de tu energía nagativa,FALSE,,FALSE,,,,
conway,"Pues, tú sabrás",FALSE,,FALSE,,,,
lana,Para mí que fue Krieger,FALSE,,FALSE,,,,
slater,Y por qué tienes un bebé?,FALSE,,FALSE,,,,
lana,Lando,FALSE,,FALSE,,,,
madre de stan,"En serio Randy, creo que este deporte le hizo algo de daño a tu cerebro",FALSE,,FALSE,,,,
krieger,"Para, estáte quieto, para",FALSE,,FALSE,,,,
krieger,Esperad. No os ha parecido Archer un poco asustado?,FALSE,,FALSE,,,,
cartman,"No, no, usted me jode. Al carajo!",FALSE,,FALSE,,,,
archer,"Por Dios, pibe, ya te oigo",FALSE,,FALSE,,,,
cyril,"Claro, él que fuma junto a la niña",TRUE,"insinceridad,alusión",FALSE,distinto,calidad,norma,representativo
archer,Por no decir robotizado. ¿De dónde coño has sacado una mano biónica?,FALSE,,FALSE,,,,
slater,"Pues, venga, subid atrás. Tengo un avión esperando",FALSE,,FALSE,,,,
archer,"Recordadme que si ese desgraciado no os mata a todos, lo haga yo",FALSE,,FALSE,,,,
archer,"No me jodas, Cyril!",FALSE,,FALSE,,,,
lana,¿Y qué haces en la ventana?,FALSE,,FALSE,,,,
stan,"Y, pues existe un refrán hindu que dice, quien lo fundió, lo generó",FALSE,,FALSE,,,,
randy,"Corten, perdón, voy de nuevo. Intento decir que deberíamos tener diez ligas de sarcasmobol y así todos pueden jugar. ¡Ah, mierda!",TRUE,insinceridad,TRUE,distinto,calidad,,"expresivo,representativo"
archer,"Que, es todo para ella",FALSE,,FALSE,,,,
butters,"¡Muy bien! Disculpe, perdón. Ustedes lucen geniales. ¡Wow, este juego es genial!",FALSE,,FALSE,,,,
archer,¿Por qué no te callas?,FALSE,,FALSE,,,,
archer,"Coronel Calrissiano, si no te importa",FALSE,,FALSE,,,,
abuelo,Oro de quatorce quilates con una turquesa y diamantes reales,FALSE,,FALSE,,,,
lana,"¿Entonces, el plan de Conway no te parece innecesariamente complicado?",FALSE,,FALSE,,,,
randy,"Ya sabes. Intenta llegar a la zona de notación, pero con mucha amabilidad",TRUE,insinceridad,TRUE,distinto,calidad,,directivo
kyle,Sí,FALSE,,FALSE,,,,
butters,"Tengo el globo, el entrenador Marsh. ¿Ahora qué hago?",FALSE,,FALSE,,,,
malory,"Pues, yo, como es lógico",FALSE,,FALSE,,,,
guardia,Disculpe,FALSE,,FALSE,,,,
criminal,"Por favor, le han disparado",FALSE,,FALSE,,,,
archer,Y yo voto por madre y Woodhouse,FALSE,,FALSE,,,,
madre de stan,"Randy, algo te ha ocurrido. ¿No puedes dejar de ser sarcástico?",FALSE,,FALSE,,,,
ray,"Pero, oiga, ¿son necesarias las armas? Lo pregunto totalmente en serio",TRUE,insinceridad,FALSE,distinto,calidad,,"representativo,expresivo"
madre de stan,"Oh, Randy, está ocurriendo",FALSE,,FALSE,,,,
stan,"Lo siento chicos, mi papá dice que está muy ocupado con los Broncos, no tiene tiempo",FALSE,,FALSE,,,,
conway,"Y oye, llámame si no te va bien con la cría",FALSE,,FALSE,,,,
padre de butters,¿Qué?,FALSE,,FALSE,,,,
lana,¿Y no crees que parecemos récien salidos de un culebrón brasileño?,FALSE,,FALSE,,,,
malory,Bien dicho,FALSE,,FALSE,,,,
madre de butters,¿Cómo ayudarían los sosténes y sombreros de papel?,FALSE,,FALSE,,,,
cartman,"Puede ser. Necesitaré collares de oro, brazaletes de diamantes, y de esmeraldas",FALSE,,FALSE,,,,
slater,"Espera, hablas urdu?",FALSE,,FALSE,,,,
lana,"Porque sí, imbécil, resumiendo nos has cerrado en la limusina de las narices",FALSE,,FALSE,,,,
butters,"Eh, oigan. No puedo creer lo que oigo. Practicamos y preparamos para este juego y quieren rendirse.",FALSE,,FALSE,,,,
archer,Sí lo soy,FALSE,,FALSE,,,,
kyle,"No te preocupes, tiene que haber otro lugar donde compren oro cerca",FALSE,,FALSE,,,,
lana,¿Para criar a mi hija?,FALSE,,FALSE,,,,
lana,"Ya que estás aquí, ¿por qué no nos cuentas cuál es la misión?",FALSE,,FALSE,,,,
archer,"Esta Lana, mira que montar esto solo para que le llamara y pidiera ayuda. Y Slater con sangre falsa. Qué pena da el pobre",FALSE,,FALSE,,,,
krieger,"Espera, sí, literalmente",FALSE,,FALSE,,,,
randy,"No, no, el sarcasmobol no tiene nada que ver, yo sólo, sólo estoy disfrutando mucho del sarcasmo y debo buscar excusas",TRUE,"insinceridad,emocional",FALSE,distinto,calidad,expectación,"expresivo,representativo"
butters,"Bien, papá. Lo guardaré para después.",FALSE,,FALSE,,,,
slater,"Sí, sospechábamos un poco",FALSE,,FALSE,,,,
cartman,"Oh, ah... Tres dólares",FALSE,,FALSE,,,,
archer,"Al suelo, mire, ¿qué estás? Uy, estaba haciendo un simulacro. Les estaba poniendo en prueba, buen trabajo.",FALSE,,FALSE,,,,
jugador,"Cuando estoy agotado, es el único que me hace subir la compasión. Ahora de vuelta al campo",FALSE,,FALSE,,,,
sharon,"Ah, miren eso! Una corbata de cordón. No es hermosa, Stan?",FALSE,,FALSE,,,,
archer,"Espera, literalmente no, pero muchas",FALSE,,FALSE,,,,
lana,Decías algo acerca de un plan,TRUE,alusión,FALSE,,calidad,expectación,representativo
slater,Pues vas mal,FALSE,,FALSE,,,,
randy,"Sí, el otro equipo tenía una delantera tan ofensiva que me asustó mucho",TRUE,insinceridad,TRUE,distinto,calidad,,expresivo
archer,"Así mejor, que hay un bebé",FALSE,,FALSE,,,,
archer,"Idiotas, hijos de puta, conmigo está el presidente de Brasil y su esposa. Y mirad, aquí, sucia, sucia. Toda, todas las armas al suelo",FALSE,,FALSE,,,,
archer,Porque es dónde se producen 80 % de los accidentes domésticos,FALSE,,FALSE,,,,
pam,Méxicano negro?,FALSE,,FALSE,,,,
conway,"Bueno, idiotas. Gracias por ayudarme a pillar el disco. Los rusos me van a dar una pasta ancha por él",FALSE,,FALSE,,,,
malory,Una importante misión para ISIS que podemos. Enfestar de un chupe para hacer carambola,FALSE,,FALSE,,,,
randy,"Gracias, doctor, muchas gracias",TRUE,"insinceridad,emocional",FALSE,distinto,calidad,,expresivo
cyril,Tendríamos que habernos ido antes,FALSE,,FALSE,,,,
randy,"Oh, sí, buena esa",TRUE,"insinceridad,emocional",FALSE,contrario,calidad,,expresivo
archer,"Han montado todo esto? Que me dispararan, que le dispararan a Slater?",FALSE,,FALSE,,,,
vivian,Oooo... No lo recuerdo,FALSE,,FALSE,,,,
archer,Esta vez han podido con el pobre Lando. Estoy acabado,FALSE,,FALSE,,,,
lana,"Oh, pues, no te habría visto sopearte veinte copas y no haría falta para que te meneara",FALSE,,FALSE,,,,
butters,"Es cierto, Eric me dice que debería ser una mujer por lo malo que soy",FALSE,,FALSE,,,,
criminal,"Eh idiota, que soy paquistaní",FALSE,,FALSE,,,,
archer,Te he oído pero no pienso mover hasta que te lo pongas,FALSE,,FALSE,,,,
archer,Verdad?,FALSE,,FALSE,,,,
pam,"Oye, oye, venga, seguro que, esperad, que no has secuestrado al bebé. ¿Pero de verdad en la buena?",FALSE,,FALSE,,,,
archer,Más de la de la terraza,FALSE,,FALSE,,,,
cyril,Iba a decir excesivo,FALSE,,FALSE,,,,
archer,Sí,FALSE,,FALSE,,,,
butters,"Y cuando el otro equipo intenta acercarse, tendrémos que hacer un esfuerzo, llegar a nuestro centro cremoso. Es el lugar que tenemos adentro en que se encuentra todo el amor y felizidad que debemos usar para ser los jugadores más amables y compasivos que el mundo haya visto. Y sabrán que no caemos tan fácilmente",FALSE,,FALSE,,,,
archer,"¿Eh sí? Perdón, es que me preocupa haber usado mal la palabra literalmente toda mi vida",TRUE,"insinceridad,emocional",FALSE,distinto,calidad,expectación,expresivo
archer,Pero hay otras mesas,FALSE,,FALSE,,,,
jugador,¿Practicar un lunes luego de una victoria? ¡Genial!,TRUE,"insinceridad,emocional",TRUE,contrario,calidad,expectación,expresivo
archer,Cállaos los dos. Por qué aviso a navegantes? Esto es un bebé,FALSE,,FALSE,,,,
archer,"No, no para nada",TRUE,"insinceridad,emocional",FALSE,contrario,calidad,,expresivo
archer,"Bueno, conmigo está el presidente de Brasil y su esposa grande",FALSE,,FALSE,,,,
archer,"Ya, hola. Un mexicano negro?",FALSE,,FALSE,,,,
archer,¿Más jóven?,FALSE,,FALSE,,,,
conway,"¿Crees que lo hay, torpe?",FALSE,,FALSE,,,,
periodista,El entrenador Bellici dijo: 'No podemos derrotar a los Broncos. Este entrenador les duró casi un día',FALSE,,FALSE,,,,
krieger,Vale,FALSE,,FALSE,,,,
krieger,"Más quisiera, digo no, no. Estaba haciendo un estudo de mercado para TB-800 alias ciberosíto de peluche",FALSE,,FALSE,,,,
archer,¿Tienes una hermana?,FALSE,,FALSE,,,,
cyril,¿Cómo se pierde un bebé?,FALSE,,FALSE,,,,
criminal,Pero creía que era algo racista,FALSE,,FALSE,,,,
stan,Papá,FALSE,,FALSE,,,,
randy,Seis mil?,FALSE,,FALSE,,,,
criminal,Voy a pedir refuerzos,FALSE,,FALSE,,,,
slater,"Porque tiempo es crucial, asta ayer Baruk era un ciber espía de la inteligencia paquistaní. Pero ahora quere pasarse a nuestro bando",FALSE,,FALSE,,,,
stan,"Sí, abuelo",FALSE,,FALSE,,,,
lana,"¿Un poco? Nos mandaste a un… espera, nos seguiste hasta aquí",FALSE,,FALSE,,,,
slater,Eh?,FALSE,,FALSE,,,,
animador,"¿Es futbol seguro para sus hijos? Un padre preocupado, Randy Marsh, dice que no. Comenzó un movimiento para reformar el deporte y ya tiene cientos de seguidores.",FALSE,,FALSE,,,,
ray,"David, Key, Keith, Kenny",FALSE,,FALSE,,,,
empresario,"Oye, niño, si tienes un problema con el sistema, estás en un lugar equivocado. Aquí solo fundimos lo que nos envían de los lugares de compra de oro",FALSE,,FALSE,,,,
archer,"Ojalá siguiera entre nosotros. Podría haber parado algunas balas. Por Dios! En fin, van ocho incluida la que está en mi hombro, así que",FALSE,,FALSE,,,,
randy,Solo intento irme sin ser descortéz,FALSE,,FALSE,,,,
slater,¿Tenéis el disco?,FALSE,,FALSE,,,,
empresario,"""Nosotros no somos los que negamos el verdadero valor de sus joyas, el refrán hindu en realidad dice """"mai pai pachata hai""""""",FALSE,,FALSE,,,,
krieger,"No, pero cuando descubra cómo criar de tejido un oso de verdad para cubrirlo",FALSE,,FALSE,,,,
criminal,Ya pero,FALSE,,FALSE,,,,
kyle,Qué está haciendo?,FALSE,,FALSE,,,,
malory,"No, no, no, claro que no",FALSE,,FALSE,,,,
archer,Vale,FALSE,,FALSE,,,,
archer,"Nuestra hija, Lana",FALSE,,FALSE,,,,
criminal,Sobre todo hago improvisaciones,FALSE,,FALSE,,,,
lana,"No, no, no puedes hacerte verbo, no te lo consiento",FALSE,,FALSE,,,,
archer,Qué?,FALSE,,FALSE,,,,
cyril,...Hay que fastidiarse,FALSE,,FALSE,,,,
archer,"Oye, tú no eres mi jefe",FALSE,,FALSE,,,,
archer,No creo que pueda romper nada,FALSE,,FALSE,,,,
lana,¿Qué?,FALSE,,FALSE,,,,
lana,"No, les maquillaron los de la CIA que les queda muy realista",FALSE,,FALSE,,,,
cartman,"Esas corbatas están de moda, tiene suerte de tenerla",TRUE,insinceridad,FALSE,contrario,calidad,,"representativo,expresivo"
archer,"En serio, bueno, como decía",FALSE,,FALSE,,,,
abuelo,"Amaba ese perro, me hico muy feliz siempre. Cuando murió no quise ponerme demasiado triste, porque pensé que siempre me quedaría el recuerdo de su caríta alegre. Yo no recuerdo cómo era su cara, Villy",FALSE,,FALSE,,,,
lana,"Esta bolsa es de ropa, esa de pañales, en la nevera hay leche materna que excuso de tí",FALSE,,FALSE,,,,
archer,No,FALSE,,FALSE,,,,
randy,"Gente, escuchen todos. Hay algo que deben saber acerca del sarcasmobol, es un juego totalmente seguro, sí super seguro, es tan seguro que cada niño de país debería jugarlo",TRUE,insinceridad,TRUE,distinto,"calidad,cantidad",,"directivo,representativo"
archer,Vale,FALSE,,FALSE,,,,
lana,"Eres un traidor, hijo de puta",FALSE,,FALSE,,,,
stan,"Ya no es una beba, abuelo, tiene trece",FALSE,,FALSE,,,,
conway,El archivo está en el servidor principal de le servicio secreto de la inteligencia argentio,FALSE,,FALSE,,,,
archer,Fue a apuntado con la pistola,FALSE,,FALSE,,,,
lana,¿Por qué? ¿Porque fui yo quien le arrancó la mano a Conway?,FALSE,,FALSE,,,,
cartman,"Un momento, cuánto pagó por estas joyas?",FALSE,,FALSE,,,,
criminal,Ah,FALSE,,FALSE,,,,
rodger goodell,¡Bien hecho!,TRUE,insinceridad,FALSE,contrario,calidad,,expresivo
todos,Sí,FALSE,,FALSE,,,,
stan,"No te preocupes, abuelo, yo me encragaré de esto",FALSE,,FALSE,,,,
archer,Es un actor?,FALSE,,FALSE,,,,
cheryl,Solo a la gente niñera,FALSE,,FALSE,,,,
archer,"Ya, me he pasado",FALSE,,FALSE,,,,
cyril,Está vacía!,FALSE,,FALSE,,,,
todos,Muy buenas,FALSE,,FALSE,,,,
niño,"Sí, necesitamos más de tu jugo, Butters",FALSE,,FALSE,,,,
malory,Con la amenaza implicaré que te dispararé a los genitalios. Y luego me sentaré a beber jerez jamontillado mientras que te desangras,FALSE,,FALSE,,,,
las dos,¡Por Dios!,FALSE,,FALSE,,,,
rodger goodell,"Bien. Ciertamente existen muchas estadísticas interesantes, Dan. Y estamos muy preocupados y esperando a ver si existe una relación directa entre futból y los traumas de cráneo",TRUE,insinceridad,TRUE,distinto,calidad,,"representativo,expresivo"
cartman,Es cierto,FALSE,,FALSE,,,,
lana,La casa es segura para bebés?,FALSE,,FALSE,,,,
archer,"Pam, la niña",FALSE,,FALSE,,,,
archer,"Hmm… vale, pero luego seguimos mi plan",FALSE,,FALSE,,,,
butters,"Señor Marsh, escuche, sé que se preocupa por su hijo, pero es un tremendo jugador. Hace buenas cosquillas, se ríe y tiene buen carácter",FALSE,,FALSE,,,,
randy,¿Féliz? ¡Contentísimo! Mire lo mucho que mejoró esto,TRUE,"insinceridad,emocional",TRUE,contrario,"calidad,manera",,directivo
abuelo,Seis mil dólares,FALSE,,FALSE,,,,
malory,"Por favor, no se les pueda contar nada",FALSE,,FALSE,,,,
archer,Cómo dices?,FALSE,,FALSE,,,,
archer,¿Lo dices en serio?,FALSE,,FALSE,,,,
fotógrafo,"¿Muchachos, por qué no posan para una maldíta foto que quedará en la memoria del deporte?",TRUE,"emocional,alusión",FALSE,,manera,,directivo
cyril,"Aha, porque necesitas ayuda con la niña y no quieres llamar a Lana y vienes a pedirnos ayuda",FALSE,,FALSE,,,,
lana,No quiero que bebas nada,FALSE,,FALSE,,,,
archer,Cuando nos pidió que vinieramos a rescatarte,FALSE,,FALSE,,,,
archer,Ya si estuviera,FALSE,,FALSE,,,,
randy,"Bien, aquí vamos. Miren como van a patear. Las jugadas especiales son las más importantes",FALSE,,FALSE,,,,
randy,"Sí Stan, es lo que quiere la gente. No te preocupes, luces genial.",TRUE,"insinceridad,emocional",FALSE,contrario,calidad,,expresivo
conway,No Kane con K sino,FALSE,,FALSE,,,,
slater,Se producen en el cuarto de baño,FALSE,,FALSE,,,,
randy,"Sí, sí, ya nos cansamos de que nuestros niños se golpeen en el campo y se lastimen. Hagámos el sarcasmobol el deporte oficial en todas las escuelas",TRUE,"insinceridad,emocional,alusión",FALSE,distinto,calidad,expectación,"representativo,directivo"
pam,"Espera, qué hago? La azotea es el primer sitio donde buscarán",FALSE,,FALSE,,,,
lana,"¿Te puñalara por la espalda, no harás ninguna tontería en plan de venganza cuando abra la puerta?",FALSE,,FALSE,,,,
archer,Marchando una empanada familiar,TRUE,,FALSE,distinto,"manera,relevancia",,comisivo
animador,"El entrenador Martín se acerca para decírselo, pero parece que Jackson cree que está en su auto regresando a casa. Mientras esperamos nos alegra poder recibir el comisionato de NFL, Roger Goodell. Comisionato, mucho aburato para conmociones este año en la NFL. ¿Cómo maneja la liga todo esto?",FALSE,,FALSE,,,,
malory,¿La ibas a convertir en un robot?,FALSE,,FALSE,,,,
butters,"Está aquí, unas veces se rebalsa",FALSE,,FALSE,,,,
butters,"Y luego cuando intenten agradecernos por los clavos, les decirémos que no se agradezca porque hicimos lo correcto, y luego les sonreirémos",FALSE,,FALSE,,,,
criminal,"A sí, eso tiene más sentido",FALSE,,FALSE,,,,
archer,¡Eso no! AJ si nos pasa algo,FALSE,,FALSE,,,,
lana,"Archer, no vayas como loco. ¿Qué coños estás haciendo?",FALSE,,FALSE,,,,
butters,"Oh, de acuerdo, aquí tienen",FALSE,,FALSE,,,,
conway,Y por venganza. ¿Te acuerdas cómo me arrancaste la mano?,FALSE,,FALSE,,,,
butters,"Ah, papá, oye papá. ",FALSE,,FALSE,,,,
niño,"No tenemos entrenador, Kyle",FALSE,,FALSE,,,,
criminal,Es viernes por la noche. Por qué coño hay gente aqui todavía?,FALSE,,FALSE,,,,
animador,Y aquí están las maldítas animadoras de Denver,FALSE,,FALSE,,,,
stan,"Fue regalo de mi abuelo, sí, y le costó mucho dinero",FALSE,,FALSE,,,,
stan,"Sí, no me gusta que se aprovechen de mí",FALSE,,FALSE,,,,
stan,"Entonces, fuimos a la India, que es hermosa, creo, nunca había ido. Y aprendimos que quien lo fundió, lo negó, lo rimó y de hecho lo proveyó",FALSE,,FALSE,,,,
criminal,A mí o a él?,FALSE,,FALSE,,,,
anuncio,"El jugo cremoso de Butters está lleno de todo lo que un atleta necesita: compromiso, compasión y camaradería. Y también viene en vase de cuarto litro",FALSE,,FALSE,,,,
criminal,"No, mis compañeros lo inventaron para que Slater me llevara a usted y que usted me trajera aquí",FALSE,,FALSE,,,,
malory,"Sí, pues claro",FALSE,,FALSE,,,,
conway,"Lo iba a hacer, pero mujer, no soy un monstruo. Has sido madre",FALSE,,FALSE,,,,
archer,Un aplauso para el pibe,FALSE,,FALSE,,,,
stan,"Genial, no volveré a usarla",FALSE,,FALSE,,,,
abuelo,Pero cuesta cinquenta mil. Lo dijeron en el canal de ventas de joyas,FALSE,,FALSE,,,,
conway,"El servidor está en una cámara acorazada y reforzada con acceso mediante una tarjeta y escáneo de retina, en el último piso del sede del servicio de inteligencia, que está fuertemente custodiada por todos sus puntos por fuerzas especiales con órdenes de disparar a matar a toda persona no autorizada.",FALSE,,FALSE,,,,
archer,No tengo el urdu tan fresco como pensaba,FALSE,,FALSE,,,,
lana,Romperé el cristal,FALSE,,FALSE,,,,
criminal,Porcuro que no haya sorpresas,FALSE,,FALSE,,,,
periodista,"Entrenador, victoria de tres a cero sobre los Stillers, se debe sentir un ganador",FALSE,,FALSE,,,,
archer,"Ah, vale",FALSE,,FALSE,,,,
conway,"Pues, sácale los ojos, ¿vale?",FALSE,,FALSE,,,,
archer,"Ya os tendríais que haber ido, pero supongo que ya es tarde, así que...",FALSE,,FALSE,,,,
stan,Pero como puede salirse con la suya,FALSE,,FALSE,,,,
todos,¡Conway Stern!,FALSE,,FALSE,,,,
cyril,"Venga, no podemos tener una noche de poker sin violencia?",FALSE,,FALSE,,,,
ray,"Y Cheryl, qué?",FALSE,,FALSE,,,,
criminal,"""La única frase que sabes en urdu es """"no jodas cabrón violador de cabras""""?""",FALSE,,FALSE,,,,
stan,"Lo sé, habría deseado que me hubiera regalado el dinero en vez de esta corbata",FALSE,,FALSE,,,,
malory,"Oh, por Dios bendíto",FALSE,,FALSE,,,,
archer,"Iba a decir, era dos de dos chicos",FALSE,,FALSE,,,,
ray,"Tengo tres en la saca, necesito cuatrao para el finde, me voy a Gaylandia",FALSE,,FALSE,,,,
archer,Sabías que mentía,FALSE,,FALSE,,,,
slater,Mejor me voy,FALSE,,FALSE,,,,
randy,"Muchachos, escuchen, olvídense del día libre. Tenemos que practicar mañana",FALSE,,FALSE,,,,
kyle,Ni siquiera entendemos cómo se juega este juego,FALSE,,FALSE,,,,
lana,¿Y eso?,FALSE,,FALSE,,,,
cartman,Sucios hijos de puta traicioneros. Quieren dejarme fuera?  Me robaron la fórmula y luego intentaron joderme. Butters!,FALSE,,FALSE,,,,
kyle,Y qué significa,FALSE,,FALSE,,,,
archer,¿De dónde te sacas las veinte copas?,FALSE,,FALSE,,,,
cyril,Qué?,FALSE,,FALSE,,,,
archer,Verdad,FALSE,,FALSE,,,,
archer,Todo tiene su lógica,FALSE,,FALSE,,,,
slater,Vale te llamo cuando resuelven lo del topo para que lo lleves al nuevo piso franco,FALSE,,FALSE,,,,
cartman,"No, yo no tengo ésa que te llevas dentro, Butters.",FALSE,,FALSE,,,,
conway,"Bueno, saltar, llevo paracaigas",FALSE,,FALSE,,,,
guardia,Coronel,FALSE,,FALSE,,,,
archer,"Ahora soy un verbo, Lana. Acepta la idea. Y de paso, cúbreme por favor",FALSE,,FALSE,,,,
dependiente de oro,"Oro de quatorce quilates, diamantes y turquesa. Te doy quince dólares.",FALSE,,FALSE,,,,
randy,Esto es esprema,FALSE,,FALSE,,,,
lana,"Archer, hablo en serio",FALSE,,FALSE,,,,
randy,"Claro, le hizo algo a mi cerebro y ahora no puedo parar de ser sarcástico",TRUE,"insinceridad,alusión",FALSE,contrario,calidad,,representativo
kyle,"Te necesitamos, Butters. Eres el indicado",FALSE,,FALSE,,,,
malory,Lo dije,FALSE,,FALSE,,,,
archer,"No sé que le ocurrió, en fin, venimos a buscar unas cosas de la niña. Así que vamos a cogerlas. Maní?",FALSE,,FALSE,,,,
butters,Estaba teniendo un sueño feliz con una chica y…,FALSE,,FALSE,,,,
lana,"Oh, sí Archer, tengo una hermana",FALSE,,FALSE,,,,
butters,"No sé, nunca me había puesto en pensarlo",FALSE,,FALSE,,,,
randy,Lucen bien muchachos. ¡A patear culos!,TRUE,"insinceridad,emocional",FALSE,contrario,calidad,expectación,"expresivo,directivo"
lana,"Bueno, Conway, ganas este salto",FALSE,,FALSE,,,,
abuelo,"Oy, es maravilloso, eso me pondría muy contento. Quiénes están?",FALSE,,FALSE,,,,
abuelo,"Oh, parece que te divertiste mucho",FALSE,,FALSE,,,,
los dos,¡Dícelo a él!,FALSE,,FALSE,,,,
krieger,"Vale, os voy a explicar todo eso",FALSE,,FALSE,,,,
randy,No entiendo cómo alguien puede jugar a esto con sinceridad,FALSE,,FALSE,,,,
padre de butters,Lo hablarémos cuando crezcas,FALSE,,FALSE,,,,
archer,"No, era por saber si tenía que llevar un saco con el símbolo del dólar",TRUE,"alusión,insinceridad",TRUE,distinto,calidad,,representativo
archer,Y hablando de… cago la leche,FALSE,,FALSE,,,,
archer,Qué? Creía que significaba lo siento. Se ve que por eso aquella noche en el burdel de carrachi pasó de repente de malísima a mucho peor,TRUE,insinceridad,FALSE,contrario,calidad,expectación,representativo
lana,Quería saber si podía fiarme que te quidaras de AJ tú solo,FALSE,,FALSE,,,,
slater,Para que te controles,FALSE,,FALSE,,,,
archer,"Joder, en fin, dudo que el robot tenga Bourbon y no me aptece tres en uno con cola, al menos que no haya, literalmente, nada más que beber",FALSE,,FALSE,,,,
conway,"Sí claro, y más después de las malpinas.",TRUE,"alusión,insinceridad",FALSE,contrario,calidad,predicción,representativo
stan,"Cielos, mi abuelo pagó seis mil dólares para algo que casi no tiene valor algúno. Cómo, cómo puede ocurrir algo semejante?",FALSE,,FALSE,,,,
lana,"¿Podríamos dejarlo ya, por favor?",FALSE,,FALSE,,,,
pam,Eso pensaba si se lo adreza a quienquiera que lo haya preguntado,FALSE,,FALSE,,,,
ray,"Espera, qué?",FALSE,,FALSE,,,,
randy,Qué buen golpe. Recuerdenlo en la práctica mañana,FALSE,,FALSE,,,,
conway,Y pierde unos kilítos,FALSE,,FALSE,,,,
archer,"Sí, tengo literalment miles de armas",FALSE,,FALSE,,,,
pam,Voy a darle yo violencia homófoba,FALSE,,FALSE,,,,
archer,"Te iba a ofrecer una copa, pero solo tengo tequila y licor de café",FALSE,,FALSE,,,,
todos,Sí,FALSE,,FALSE,,,,
lana,"Joder, Archer",FALSE,,FALSE,,,,
cartman,"Oye, Butters. ¿Tienes un minuto?",FALSE,,FALSE,,,,
animadoras de denver,"¡Vamos, Broncos, vamos!",TRUE,,FALSE,distinto,,,directivo
archer,Pásalo bien y saluda a tu vida animal,FALSE,,FALSE,,,,
butters,Como yo,FALSE,,FALSE,,,,
archer,"Literalmente, por la espalda, puñalada",FALSE,,FALSE,,,,
médico,"No se puede, lo siento, no hay investigaciones que determinen los efectos del sarcasmo al cerebro",FALSE,,FALSE,,,,
cyril,Joder y qué hacemos?,FALSE,,FALSE,,,,
madre de stan,"¿Randy, no vas a acompañar tu familia en la cena?",FALSE,,FALSE,,,,
stan,"No, es un regalo que me dio mi abuelo, pero es tan costoso que me siento mal aceptarlo. Prefiero efectivo",FALSE,,FALSE,,,,
cartman,"Mis bolas, mis bolas, chúpalas",FALSE,,FALSE,,,,
lana,Ya y,FALSE,,FALSE,,,,
anuncio,"¿Juegas duro? ¿Necesitas una bebida deportiva que te de más energía? Los deportes de hoy son para gente amable, así que mejora tu desempeño con jugo cremoso de Butters. Estarás lleno de buenos sentimientos y serás más gentil que un rayo de sol",FALSE,,FALSE,,,,
dependiente de oro,"Sí, pero los diamantes no me sirven para nada. Tendría que enviarlo a un fundidor que se ocupe de fundir el oro y quizás yo gane unos diez dólares",FALSE,,FALSE,,,,
krieger,Esta es la vieja,FALSE,,FALSE,,,,
criminal,Todavía tengo pistola,FALSE,,FALSE,,,,
archer,No estamos en el mismo bando?,FALSE,,FALSE,,,,
lana,"Sí, tú sí que has que has perdidio peso Conway Stern o cómo te llames en realidad",TRUE,"insinceridad,emocional",FALSE,contrario,calidad,,representativo
pam,"Venga, pues tan cabrones violadores de cabras a pelo y sin comodines",FALSE,,FALSE,,,,
lana,"Porque tengo que herir tus sentimientos, si me pasa algo, y solo a mí Archer, AJ viviría con mis padres",FALSE,,FALSE,,,,
archer,"No, Lana. Mirad, como tenga que parar, nos van a matar a todos, así que",FALSE,,FALSE,,,,
cheryl,¿Se refiere a mí?,FALSE,,FALSE,,,,
dependiente de oro,Nueve dólares,FALSE,,FALSE,,,,
archer,"Lana, Lana, ¿es que tienes envidia de que soy un vergón?",TRUE,,FALSE,,"calidad,manera",,expresivo
ray,La madre que te parió,FALSE,,FALSE,,,,
sharon,"Vamos, ábrelo, Stan",FALSE,,FALSE,,,,
criminal,"Vamos es que no va armado, es lo que quiero decir",FALSE,,FALSE,,,,
archer,"Bueno, de allí vamos, Conway, procura parecerse presidencia. Y Lana que parezcas eso, una señora, lo has gordado",FALSE,,FALSE,,,,
cheryl,Pásalo bien y ojalá que sufras de violencia homófoba,FALSE,,FALSE,,,,
ray,¡Jolín!,FALSE,,FALSE,,,,
criminal,Qué?,FALSE,,FALSE,,,,
cartman,"""Así es, los sujetes con carteles """"compramos oro"""" compran sus joyas de porquería. Sumamos con las canales de ventas y los dividimos por los viejos de mente, tenemos oro""",FALSE,,FALSE,,,,
archer,"Vale, harémos lo siguiente",FALSE,,FALSE,,,,
cheryl,Nada hasta que consultemos la cuija,FALSE,,FALSE,,,,
stan,¿Qué?,FALSE,,FALSE,,,,
stan,Alguien está en la cabeza de todo esto y alguien tiene que pagar. Solo estoy pidiendo una maldita retribución para mi maldito abuelo,FALSE,,FALSE,,,,
lana,Me busco a una canguro,FALSE,,FALSE,,,,
guardia,"Su identificación, coronel, por favor",FALSE,,FALSE,,,,
slater,tenía,FALSE,,FALSE,,,,
slater,"Perdón, se llama operación QUETE",FALSE,,FALSE,,,,
butters,¿Eh?,FALSE,,FALSE,,,,
randy,"Sí, me gustaría hablar sobre esta nueva regla que en el futbol prohibe las patadas",FALSE,,FALSE,,,,
archer,Uno de los dos debería,FALSE,,FALSE,,,,
slater,Archer,FALSE,,FALSE,,,,
butters,"Claro, Eric",FALSE,,FALSE,,,,
médico,"Bien, tengo un idea aún mejor. Tomemos los fondos de investigación de cáncer y enfermedades genéticas, y hagamos comerciales que digan: 'hola, espectadores, quizás el sarcasmo no es algo muy bueno para tu cerebro'.",TRUE,"insinceridad,alusión",TRUE,distinto,calidad,norma,"expresivo,directivo"
todos,Cómo dices?,FALSE,,FALSE,,,,
archer,"No concozco a tal Lana, pero",FALSE,,FALSE,,,,
cartman,Ese niño nos quiere provocar. Dice cosas feas para que nos enojemos,FALSE,,FALSE,,,,
cartman,Eso es porque es muy gruño y negativo para creerlo. Necesita una bebida deportiva que eleve sus niveles de humanidad y bondad,FALSE,,FALSE,,,,
criminal,A qué majo!,FALSE,,FALSE,,,,
lana,"Oh, no porque bastante tenías con tirarte a acero, luego a cristal o",FALSE,,FALSE,,,,
animador,Comprenlo y tomen el jugo,FALSE,,FALSE,,,,
lana,O si por nos lo vuelve a jugar,FALSE,,FALSE,,,,
lana,No está mal te voy a poner un siete,FALSE,,FALSE,,,,
criminal,Pues lo has portado imbécil. Cuánto de ha dado Lana por dispararme?,FALSE,,FALSE,,,,
archer,"Racista serás tú en todo caso si mexicano o negro te parecen insultos. De hecho, mi hija es multiracial",FALSE,,FALSE,,,,
kyle,"No, es quien lo negó, lo proveyó",FALSE,,FALSE,,,,
archer,Quería toda su atención,FALSE,,FALSE,,,,
sujeto de comprar oro,"""Por qué no les gritan a los encargados de fundir el oro? El refrán hindu dice: """"quien lo fundió, lo generó""""""",FALSE,,FALSE,,,,
criminal,Por qué me pegas?,FALSE,,FALSE,,,,
criminal,"Ah, ya, así que tiene armas aqui?",FALSE,,FALSE,,,,
stan,Qué? Eso le costó a mi abuelo seis mil dólares. Los diamantes son auténticos,FALSE,,FALSE,,,,
archer,"Sí, Lana, ahora si tú me disculpas necesito atención médica con bastante urgencia, por tu culpa",FALSE,,FALSE,,,,
archer,"Cállate, vosotros sacad a AJ y dejadme a mí el resto",FALSE,,FALSE,,,,
dependiente de oro,"Es la mejor, es muy listo. Se aprovecha de mis precios bajos",FALSE,,FALSE,,,,
slater,Por qué...? Da igual,FALSE,,FALSE,,,,
malory,"Sterling, el señor",FALSE,,FALSE,,,,
madre de stan,"Stanley, solo busca tus cosas y nos vamos a casa",FALSE,,FALSE,,,,
stan,Abuelo?,FALSE,,FALSE,,,,
randy,"¿Cómo va todo? ¡Increíble! Nadie sale lastimado, los niños están aprendiendo lecciones valiosas sobre abrazos y seguridad, porque de eso se trata el mundo",TRUE,"insinceridad,emocional,alusión",TRUE,distinto,calidad,expectación,representativo
stan,"Papá, ¿es necesario usar sosténes?",FALSE,,FALSE,,,,
lana,¿Y no es porque te gusta llevar ese bigotón cutre?,FALSE,,FALSE,,,,
archer,Qué tontería de conversación,FALSE,,FALSE,,,,
pam,Y eso es algo muy sagrado para nosotras así que ¿le ayudarémos a buscar a la pequeña J? En unos cin… quince o cuarenta minutos,FALSE,,FALSE,,,,
lana,De quién es esa pistola?,FALSE,,FALSE,,,,
sujeto de comprar oro 3,"Qué es lo que dices, Gustof? Dios mío. Quieres decir?",FALSE,,FALSE,,,,
archer,¿Cómo los llamas?,FALSE,,FALSE,,,,
slater,Eso ya pensaba,FALSE,,FALSE,,,,
malory,"¿Y por qué, por qué la tienes tú?",FALSE,,FALSE,,,,
kyle,"Kenny, di a Cartman que se calle",FALSE,,FALSE,,,,
archer,¿Cómo es que sigues teniendo dos manos? ¡Hijo de puta!,FALSE,,FALSE,,,,
archer,"Muy heróico, lo sé",FALSE,,FALSE,,,,
cyril,Y yo no lo he visto ni hoy,FALSE,,FALSE,,,,
cartman,¿La guardas toda?,FALSE,,FALSE,,,,
lana,Lo dices en serio?,FALSE,,FALSE,,,,
kyle,No te jodemos a ti. Ellos están jodiendo al abuelo de Stan,FALSE,,FALSE,,,,
archer,"Uno, eran botellitas y dos me refiero a AJ. ¿Quién la va a cuidar si nos pasa algo a los dos?",FALSE,,FALSE,,,,
malory,Que las masticaras primero y se las escupieras en la boca,FALSE,,FALSE,,,,
lana,"Archer, cierra el pico. Vas a ponerte bien",FALSE,,FALSE,,,,
archer,¡Joder!,FALSE,,FALSE,,,,
lana,Me busco a una canguro,FALSE,,FALSE,,,,
lana,Archer,FALSE,,FALSE,,,,
archer,"Lana, tranquila, no beberé en tu ausencia y tomo esto muy en serio",FALSE,,FALSE,,,,
archer,"Pues claro, es un cíborg, seguro que la clave era...",FALSE,,FALSE,,,,
lana,"Eh, ya está bien",FALSE,,FALSE,,,,
slater,No,FALSE,,FALSE,,,,
archer,"Sí llevo pipa, hombre no",FALSE,,FALSE,,,,
cartman,"Durante siglos, los alquimistas han intentado crear la fórmula para crear oro. Quien pudiera crearla se volvería rico. Y ahora esta equación química está frente a sus ojos",FALSE,,FALSE,,,,
conway,En el skymal,TRUE,insinceridad,FALSE,distinto,calidad,,representativo
archer,"Sí es lo más lógico, claro, aunque seguro que son muy viejos",FALSE,,FALSE,,,,
lana,¿Hablando de qué?,FALSE,,FALSE,,,,
malory,"Está aquí, cabeza hueca",FALSE,,FALSE,,,,
slater,"Porque resulta que conocéis a la gente en cuestión. ¿Eh, le importa?",FALSE,,FALSE,,,,
cartman,"Son nuevos tiempos, una nueva era de ciencia que solo pocos comprendemos",FALSE,,FALSE,,,,
archer,No,FALSE,,FALSE,,,,
archer,"Te han puesto una mamada, ¿a qué sí? Y madre, Slater y CIA son idiotas por confiar en él. Pero me refería a volar en el mismo avión, Lana. Y si se llega a estrella",FALSE,,FALSE,,,,
animador,Estó tendrá que resolverlo el grupo fuera del campo,FALSE,,FALSE,,,,
dependiente de oro,Muy buen negocio. Es muy listo,FALSE,,FALSE,,,,
slater,Y por qué tienes el botiquín en la barra,FALSE,,FALSE,,,,
krieger,Pero,FALSE,,FALSE,,,,
pam,No deberías qué?,FALSE,,FALSE,,,,
archer,"Ya, a su edad no sé ni para qué se molesta",FALSE,,FALSE,,,,
archer,"Verás cómo... Joder tengo que pasarlo con algo. Has visto AJ? Ha sido una leccion sobre algo llamado seguridad de uno mismo. Y al contrario de que te hayan dicho, nunca es de más. Y el burbón. Dónde está el burbón?",FALSE,,FALSE,,,,
archer,"Cállate, no te fastidies, te iba a llamar",FALSE,,FALSE,,,,
archer,"Ay, madre, muy bueno, por un momento me lo he tragado",FALSE,,FALSE,,,,
lana,Mira,FALSE,,FALSE,,,,
pam,Eres un monstruo,FALSE,,FALSE,,,,
lana,¿En serio?,FALSE,,FALSE,,,,
animador,"El marcador está cero a cero, mientras los Stines avanzan a los Broncos",FALSE,,FALSE,,,,
archer,"Detrás de la barra, deja de gritar",FALSE,,FALSE,,,,
randy,"Vamos, dense palmadas en las espaldas",TRUE,,FALSE,distinto,,,directivo
stan,"No, en esto no. ¿Qué hay del interior cremoso que nos hablaste? Esa que creemos que llevas dentro y que hace que seamos mejor jugadores del mundo",FALSE,,FALSE,,,,
stan,No pueden decirme qué hacer,FALSE,,FALSE,,,,
butters,"Oh, lo siento, perdón",FALSE,,FALSE,,,,
criminal,"Ya vale, pero las lleva encima? Lleva pipa?",FALSE,,FALSE,,,,
archer,"Vaya, igual de ridículo",FALSE,,FALSE,,,,
stan,"No le gustan las joyas, abuelo",FALSE,,FALSE,,,,
profesor,¿Sostenes?,FALSE,,FALSE,,,,
conway,"Sí, sí, la mamá, no él jodía",FALSE,,FALSE,,,,
cartman,Soy idiota por saber matemática?,FALSE,,FALSE,,,,
archer,Aunque disfrutar no sea literalmente,FALSE,,FALSE,,,,
archer,"Un momento, dame eso, a mi señal me pondré a tío. Vosotros idiotas salid corriendo y buscad a Pam y AJ y ponedlas a salvo antes de que lleguen más jilibollas",FALSE,,FALSE,,,,
conway,Es un archivo informático con la identidad verdadera de todos los agentes de CIA que operan en el centro de Sudamérica. Argentina lo usa para presionar y amenazar a contárselo a los rusos,FALSE,,FALSE,,,,
principal,"¿Cómo va todo, entrenador?",FALSE,,FALSE,,,,
lana,¿Slater?,FALSE,,FALSE,,,,
stan,"Así, claro, como él exagera cada enfermedad que tiene",FALSE,,FALSE,,,,
malory,"Sí, es muchísimo pedir",FALSE,,FALSE,,,,
cheryl,¿Dónde está qué? ¿Te han tirado la cadena?,FALSE,,FALSE,,,,
cartman,No sé qué puedo hacer. Los niños comienzan a burlarse de mí porque no soy bueno en sarcasmobol. Soy malo siendo gentil. Soy tan malo que pareczo una gorda en bikini florecente en la playa,FALSE,,FALSE,,,,
archer,"Qué bien que has hecho té. Porque me vendría bien uno con miel y limón. Y con Bourbon, pero aún mejor sin miel y limón ni té",FALSE,,FALSE,,,,
archer,"Pues, como la vuelvas a asustar, vas a ver cómo te disparan a ti",FALSE,,FALSE,,,,
lana,"Por lo menos Woodhouse, sí",FALSE,,FALSE,,,,
conway,"Llévanos al garage, tío",FALSE,,FALSE,,,,
lana,Bueno,FALSE,,FALSE,,,,
cartman,Y creo que llevaré esa,FALSE,,FALSE,,,,
archer,Y vosotros estabáis conchabados?,FALSE,,FALSE,,,,
principal,Antes de comenzar esta reunión de padres y maestros. ¿Alguién tiene un asunto pendiente?,FALSE,,FALSE,,,,
stan,Quince dólares?,FALSE,,FALSE,,,,
cheryl,Fue violencia normal,FALSE,,FALSE,,,,
archer,Hmm… Voy a decir: '¡No!' ¡Venganza!,FALSE,,FALSE,,,,
malory,¿Hmmm? ¡Oh!,FALSE,,FALSE,,,,
kyle,Esto es ridículo. ¿En serio saldrémos a jugar contra los Norths así vestidos?,FALSE,,FALSE,,,,
mr. mackey,"M'key, ¿le gustaría ser el entrenador de sarcasmobol de South Park?",FALSE,,FALSE,,,,
pam,No eran sólidas,FALSE,,FALSE,,,,
periodista,"Creo, lo averiguarémos el domingo",FALSE,,FALSE,,,,
archer,"Oye, lo de la mamada",FALSE,,FALSE,,,,
archer,"Bueno, no se los pago",FALSE,,FALSE,,,,
abuelo,"Un momento, un momento, por favor. Tengo un regalo para mi nieto. Ven aquí, Villy. Como has crecido, Villy, es hora de que tengas algo costoso y llamativo para impresionar a las muchachas ",FALSE,,FALSE,,,,
krieger,Deberíamos echar un ojo,FALSE,,FALSE,,,,
ray,"Y bien, qué está pasando allí",FALSE,,FALSE,,,,
stan,Deberían a avergonzarse por la gente que explotan en nuestro país. Cómo se atreven a aprovecharse de los menos afortunados?,FALSE,,FALSE,,,,
butters,"La primera línea cubrirá los huecos. Díle que te gustan sus uniformes. Clyde, Token, abracen a esos jugadores",FALSE,,FALSE,,,,
archer,Qué? Por qué?,FALSE,,FALSE,,,,
cyril,"Vale, caray, ¿crees que en caso de fallecer serías la tutora legal de AJ?",FALSE,,FALSE,,,,
animador,"Sí, no estoy seguro de que sea un pastel o quizá un pan. Pero definitivamente cree que está horneando algo",FALSE,,FALSE,,,,
cheryl,Haber lo dicho antes,FALSE,,FALSE,,,,
archer,"En mi casa no, y por cierto. Qué hacéis en ella? Y quién es este?",FALSE,,FALSE,,,,
criminal,Esperé que...,FALSE,,FALSE,,,,
butters,"No estamos ganando mucho, amigos",FALSE,,FALSE,,,,
slater,"Pero luego le rancasteis la mano, así que",FALSE,,FALSE,,,,
ray,Por Cheryl,FALSE,,FALSE,,,,
archer,"Vamos a ver Baruk, no sé lo que se cuenta por allí, pero las barbaridades que hayas oído que he hecho, realmente te falta el contexto, porque prácticamente en toda mi vida, prácticamente hasta ahora mismo he sido más bien un medio cañero. Pero eso era antes, antes de que tuviera una hija, una hija que has amenazado...",FALSE,,FALSE,,,,
krieger,Me encantan las noches de poker,FALSE,,FALSE,,,,
archer,"Para empezar, me ha disparado dos veces",FALSE,,FALSE,,,,
ray,Y como es lógico voy a guardar mi pistol en la caja fuerte hasta que acabe la partida,FALSE,,FALSE,,,,
conway,"Ah, lo siento, da igual",FALSE,,FALSE,,,,
cartman,"¿Sí, Saben qué? ¡Al carajo!",FALSE,,FALSE,,,,
pam,¡Madre mía!,FALSE,,FALSE,,,,
criminal,Perdón es que he visto cómo dispararon a un tío,FALSE,,FALSE,,,,
todos,¡Sterling!,FALSE,,FALSE,,,,
archer,Y no es lo que quiero decir yo,FALSE,,FALSE,,,,
padre de butters,"Butters, son sentimientos felices pero no hablemos de ellos",FALSE,,FALSE,,,,
criminal,Puedo decirle una cosa antes de que me mate a golpes?,FALSE,,FALSE,,,,
archer,"Está claro que él cree tener un plan así que, pues, venga ¡qué hable!",TRUE,"alusión,insinceridad",FALSE,contrario,calidad,expectación,"representativo,directivo"
lana,¿Qué información? Slater dijo que te sacará,FALSE,,FALSE,,,,
cartman,"Hagámoslo. Stan, abrochame el sostén",FALSE,,FALSE,,,,
principal,"¿Entonces, está féliz por todos esos cambios?",FALSE,,FALSE,,,,
archer,Yo he bordado,FALSE,,FALSE,,,,
dependiente de oro,"No, no, no, me jode",FALSE,,FALSE,,,,
malory,"Y yo, pero alguien me traicionó, una aspirante cantante de Country mentirosa",FALSE,,FALSE,,,,
slater,"Los llamo freelance, sí cállate, haz el favor. El caso es que hay que sacarlo de la capital de Argentina",FALSE,,FALSE,,,,
todos,Sí,FALSE,,FALSE,,,,
principal,De acuerdo,FALSE,,FALSE,,,,
butters,"Cuarenta y dos, rojo trece, pensamientos felices, felices para todos",FALSE,,FALSE,,,,
krieger,Oblígame!,FALSE,,FALSE,,,,
archer,Por qué has hecho esto?,FALSE,,FALSE,,,,
animador,Jackson atrapa el balón. Está corriendo por la meta y uuh.,FALSE,,FALSE,,,,
guardia,"Por su puesto, coronel Cal.. Espere, Lando Calrissiano",FALSE,,FALSE,,,,
butters,"Cielos, no sé, compañeros.",FALSE,,FALSE,,,,
animador,"Oh, parece que algunos ex jugadores de NFL están entrando al campo. Está Maritin Gregors por seguridad y el defensor Jim Harrys. Parece que lleva los pantalones en tobillos. Alguién debería avisárselo. Y el excelente Mike Tetfield que parece estar horneando un pastel imaginario",TRUE,"insinceridad,emocional",TRUE,distinto,calidad,expectación,representativo
lana,Mira,FALSE,,FALSE,,,,
archer,"Sería dejarle ciego, pobrecito",FALSE,,FALSE,,,,
butters,"Bien, Eric. Ya te dije que todos tenemos un interior cremoso de donde provienen todos los sentimientos de compasión y felicidad. ¿Tu papá nunca te lo dijo?",FALSE,,FALSE,,,,
archer,Qué?,FALSE,,FALSE,,,,
cartman,Intentan joderme con su negocio paralelo,FALSE,,FALSE,,,,
archer,La virgen. ¿No escansará hasta que estemos todos esclavizados por SkyNet?,FALSE,,FALSE,,,,
lana,"No, no, me refiero a armas de fuego, por ejemplo. Están bien guardadas?",FALSE,,FALSE,,,,
randy,"Bueno, papá, fue un placer volver a verte. Nos quedaríamos a cenar, pero este comida le provoca diarrea a Sharon",FALSE,,FALSE,,,,
lana,He tenido un bebé,FALSE,,FALSE,,,,
randy,Sí,FALSE,,FALSE,,,,
madre de stan,"Lo lamentamos Stanley, no queremos que sigas jugando a este deporte",FALSE,,FALSE,,,,
archer,"Seguro que sí, en algún momento, pero",FALSE,,FALSE,,,,
lana,¿El qué da igual?,FALSE,,FALSE,,,,
lana,¿Oh?,FALSE,,FALSE,,,,
lana,Archer,FALSE,,FALSE,,,,
lana,¿Qué? ¿Has terminado de archerizar?,TRUE,expresivo,FALSE,,,predicción,representativo
criminal,"Porque menudo imbécil, verdad?",FALSE,,FALSE,,,,
conway,Ya sabía que el pelo de ese le haría pasar por latino para colarnos dentro,FALSE,,FALSE,,,,
butters,Me duelen los brazos,FALSE,,FALSE,,,,
slater,Todo tiene su lógica,FALSE,,FALSE,,,,
archer,Verás Slater. Cuando unos papás se quieren mucho...,TRUE,alusión,FALSE,,manera,,representativo
cartman,"¡A la mierda, creo que sí!",FALSE,,FALSE,,,,
cartman,"¿Butters, tu cremosidad funcionará en otra persona?",FALSE,,FALSE,,,,
sharon,Qué Randy?,FALSE,,FALSE,,,,
criminal,Eso dije yo,FALSE,,FALSE,,,,
archer,Me ha puñado literalmente por la espalda,FALSE,,FALSE,,,,
lana,¿Qué misión? ¿Vender tecnología militar confidencial a los chinos?,TRUE,alusión,FALSE,,,norma,representativo
conway,¿Y por qué tú y yo no nos líamos la última vez que trabajamos juntos?,FALSE,,FALSE,,,,
lana,"Y dos de diez, porque eres un jilibollas de marca mayor",FALSE,,FALSE,,,,
malory,"Sea cuál sea la misión, ISIS está a la altura. Somos profesionales y",FALSE,,FALSE,,,,
cartman,"Lo invito lamernos las pelotas, señor",FALSE,,FALSE,,,,
cheryl,Yo qué sé que en la miente. Y ya ha venido un tal señor Ley para verla,FALSE,,FALSE,,,,
criminal,Además dudo que hable mucho cuando le haya pegado un tiro en la cara,FALSE,,FALSE,,,,
malory,"De la pequeña J, ha desaparecido",FALSE,,FALSE,,,,
lana,¡Cállate! Conway era un traidor. Iba a vender el disco a los rusos,FALSE,,FALSE,,,,
niño,"Entonces, llamemos a ? para decirles que nos retiramos",FALSE,,FALSE,,,,
pam,Y Woodhouse?,FALSE,,FALSE,,,,
randy,"¡Sí, Sí, wohoo!",FALSE,,FALSE,,,,
archer,"Lo siento, no quiero confundirme",FALSE,,FALSE,,,,
archer,Y el pago será?,FALSE,,FALSE,,,,
kyle,"Rayos, esto es terríble",FALSE,,FALSE,,,,
cartman,"No, a ellos les joden las mujeres asiáticas",FALSE,,FALSE,,,,
lana,"Vagamente. Pero si lo que quieres es venganza, ¿por qué no me matas?",TRUE,insinceridad,FALSE,distinto,calidad,,"expresivo,representativo"
archer,"Para tu información Cyril, no necesito ayuda con AJ porque",FALSE,,FALSE,,,,
butters,¿Te sientes cálido y compasivo?,FALSE,,FALSE,,,,
slater,"Por transferencia, algún problema?",FALSE,,FALSE,,,,
slater,Llévanos solo él y prestame una camisa,FALSE,,FALSE,,,,
archer,Y no le hagas daño,FALSE,,FALSE,,,,
slater,Ni que te llamen a jugar en primera división jugando en la tercera,FALSE,,FALSE,,,,
lana,"Espera, ¿Argentina no es un aliado nuestro?",FALSE,,FALSE,,,,
archer,"Tranquilo. No, joder, no tengo testamento",FALSE,,FALSE,,,,
pam,Yo soy notaria,FALSE,,FALSE,,,,
archer,"No, Lana. ¡qué va!",TRUE,"insinceridad,emocional",FALSE,contrario,calidad,,expresivo
cheryl,"No soy abogada laboralista, pero",FALSE,,FALSE,,,,
archer,Debo proteger a la niña,FALSE,,FALSE,,,,
malory,"Pero, qué te pasa?",FALSE,,FALSE,,,,
archer,"Entonces, en la CIA, no hay ningún topo",FALSE,,FALSE,,,,
archer,"Sí, vamos a hablar de confianza!",FALSE,,FALSE,,,,
rondie,"Caballeros, creo que confunden mi hospitalidad con debilidad. El precio es el precio, si quieren negociar, pueden hacerlo con mis socios",FALSE,,FALSE,,,,
todos,Quién?,FALSE,,FALSE,,,,
lana,¿Qué tal dejarle terminar?,FALSE,,FALSE,,,,
archer,"Cago en la leche. Ray, pistola!",FALSE,,FALSE,,,,
pam,En Cánada funciona,FALSE,,FALSE,,,,
stan,Este juego es estúpido. No tengo ni idea de cómo salir al campo y ser amable con los del otro equipo,FALSE,,FALSE,,,,
randy,"Sí, es increíble estar en tu programa",FALSE,,FALSE,,,,
slater,¿Que tenéis el disco?,FALSE,,FALSE,,,,
criminal,"Caray, conduce de puta pena",FALSE,,FALSE,,,,
lana,"Cómo, dónde está?",FALSE,,FALSE,,,,
randy,"Vamos gente, veamos a esa regla de las patadas y regresemos al futbol",FALSE,,FALSE,,,,
archer,"A ver, es que se lo voy a explicar",FALSE,,FALSE,,,,
cartman,"No, amigo, es genial",TRUE,insinceridad,FALSE,contrario,calidad,,representativo
randy,"Oh, les encantará. Un deporte en donde solo importa la seguridad. ¿Por qué no le llamamos sarcasmobol?",TRUE,"alusión,insinceridad",TRUE,contrario,calidad,expectación,"expresivo,representativo"
cheryl,Creía que era en tono irónico,FALSE,,FALSE,,,,
dependiente de oro,"Esto no es robado, verdad?",FALSE,,FALSE,,,,
animador,"Hola, amo el sarcasmobol como todo el mundo. Pero a veces es tan emocionante que necesito energía extra para terminar de ver un juego. Allí es cuando busco una botella de este jugo cremoso de Butters.",TRUE,insinceridad,FALSE,contrario,calidad,,"expresivo,representativo"
kyle,Pero el gran juego contra ? este sábado,FALSE,,FALSE,,,,
pam,"No me jodas, Mani",FALSE,,FALSE,,,,
pam,Así que haces improvisaciones,FALSE,,FALSE,,,,
stan,"Sí, papá, bébe un poco de esto",FALSE,,FALSE,,,,
animador,"Sí eso tiene mucho sentido, porque desde su promoción en el año 2006 ni siquiera tiene licencia para conducir",FALSE,,FALSE,,,,
lana,"Vuelvo mañana por la noche, ya verás como me llamarás antes",FALSE,,FALSE,,,,
todos,No,FALSE,,FALSE,,,,
stan,"Sí, aquí hay uno",FALSE,,FALSE,,,,
slater,Tecnología falsa que queríamos que China tuviera. Llevan años estudiando el propulsor de antimatéria,FALSE,,FALSE,,,,
animador,"Demostrando lo que un padre preocupado puede lograr, Marsh terminó hablando frente de los líderes de Washington",FALSE,,FALSE,,,,
cartman,No tengo papá,FALSE,,FALSE,,,,
padre de butters,"Oh, bien. Está bien Butters. Recuerda lo que hablamos. A veces nuestro relleno cremoso de felicidad crece de noche y se rebalsa",FALSE,,FALSE,,,,
médico,"Lo siento, señor Marsh, pero parece que hay un daño permanente",FALSE,,FALSE,,,,
krieger,"Ya gracias, señor craqueoso",TRUE,"insinceridad,emocional",FALSE,distinto,calidad,,expresivo
archer,Ahora se lo voy a decir a CIA y encontrarán el programa espía,FALSE,,FALSE,,,,
lana,Es una yurta,FALSE,,FALSE,,,,
árbitro,"Mierda, es un maldíto multicampo",TRUE,,TRUE,,manera,,representativo
slater,Solo Slater,FALSE,,FALSE,,,,
malory,"Oh, mira qué eres. Hora de la siesta, tengo una reunión, adiós",FALSE,,FALSE,,,,
cyril,Lo robó todo. Se estableció en Europa como traficante de armas,FALSE,,FALSE,,,,
criminal,"No se parece nada a su perfil con todo lo que se cuenta del caballero que es, pero le digo una cosa, Baruk lo entiende",FALSE,,FALSE,,,,
malory,"Y Krieger, te juro por tu madre, como vuelva a pillarte cerca de la niña",FALSE,,FALSE,,,,
archer,"No, no podemos. Quiero saber por qué deseas que no sea madre",FALSE,,FALSE,,,,
criminal,Cómo?,FALSE,,FALSE,,,,
randy,"Cielo santo, sí. Me encantaría ser el entrenador del equipo de sarcasmobol",TRUE,"emocional,insinceridad",TRUE,contrario,calidad,,expresivo
niño,Ya tenemos joyas de porquería. Ahora nos queda buscar ancianos,FALSE,,FALSE,,,,
conway,¿Qué haces?,FALSE,,FALSE,,,,
cartman,"Linda corbatíta, Stan",TRUE,insinceridad,FALSE,contrario,calidad,,representativo
espectador,"¡Wohoo! ¡Bien hecho, Cilo! ¡Es bueno verte en televisión!",TRUE,"insinceridad,emocional",TRUE,contrario,calidad,,expresivo
conway,"Mmm, pero estás guapa, más relleníta de lo que recuerdo",FALSE,,FALSE,,,,
lana,Cago en la leche que no te voy a hacer una mamada,FALSE,,FALSE,,,,
stan,"Sí, supongo que sí. Bien abuelo, quería entregarte un regalo",FALSE,,FALSE,,,,
randy,"Sí, todos deberían usar sosténes. Y en vez de cascos, sombreros de papel aluminio, porque estamos en el futuro y no deberíamos ser tan bárbaros",TRUE,"insinceridad,alusión",TRUE,distinto,"calidad,relevancia",expectación,"expresivo,representativo"
cyril,"Vamos, básicamente si no os matáis unos a otros, es por falta de armas de fuego",FALSE,,FALSE,,,,
eric,"Es cierto, Butters",FALSE,,FALSE,,,,
abuelo,"Shelly tiene trece? Claro, claro, cielos. Villy, alguna vez te conté que tuve un pastor escocés llamado Paties?",FALSE,,FALSE,,,,
cartman,"Me duelen los brazos... Levanta el puto cartél, esto es un negocio",FALSE,,FALSE,,,,
padre de butters,"""Y te quedarás en tu habitación pensando lo que acabas de hacer. Solo porque la gente quiera que el futbol sea más seguro modificando una regla, no significa que puedas pensar: """"Oh, ¿por qué no nos bebemos nuestros espermas?"""" Un sarcasmo así es homofóbico, chovinista y completamete inmaduro. ¿Alguna pregunta?""",FALSE,,FALSE,,,,
cheryl,Y ha venido un tal señor Ley para verla,FALSE,,FALSE,,,,
randy,Esto es bueno. Qué bueno que hayan venido en cantidades enormes para mostrar su apoyo al sarcasmobol,TRUE,"insinceridad,emocional",TRUE,distinto,calidad,,representativo
lana,"Y si les pasa algo a ellos, viviría con mi hermana",FALSE,,FALSE,,,,
randy,"Sí, no queremos que los niños se lastimen jugando al futbol. Pero creo que tengo un modo de mejorarlo más. ¿Por qué los jugadores no usan sostenes?",TRUE,"alusión,insinceridad,emocional",TRUE,distinto,"calidad,relevancia",predicción,expresivo
slater,"Venga, Archer, 24 horas",FALSE,,FALSE,,,,
archer,"¿Bien, qué haces aquí para empezar?",FALSE,,FALSE,,,,
kenny,"Cierrate la boca, eres un idiota",FALSE,,FALSE,,,,
lana,"Hay que ver, qué generoso",TRUE,"emocional,insinceridad",FALSE,contrario,calidad,norma,representativo
slater,En tu casa,FALSE,,FALSE,,,,
animador,"Siguiente producto es número 4568111. Miren estos imponentes aretes. Estos son aretes de faux genuinos. Oro de cuatorce quilates, safiros faux de ochenta y seis quilates. Faux es una palabra francesa, tiene una x pero la x ni siquiera se pronuncia. No les parece perstigioso? Estos aretes cuestan seis millones de dólares. Pero hoy los vendemos por tres cientos veinte dólares. Es un regalo, los teléfonos comienzan a iluminarse, creo que tenemos un comprador, hay un comprador. Sí pongamoslo en la línea. Con quién tengo el gusto de hablar?",FALSE,,FALSE,,,,
archer,Dónde se comprará la leche materna?,TRUE,alusión,FALSE,,manera,expectación,representativo
archer,"A quién le importa? No, lo pregunto de verdad",FALSE,,FALSE,,,,
krieger,Es de Paquistán?,FALSE,,FALSE,,,,
animador,"Y ahora para interpretar el himno del sarcasmobol, el cantante Cilo",FALSE,,FALSE,,,,
animador,Bienvenidos al juego inaugural la liga nacional de sarcasmobol. Hoy tendrémos el enfrentamiento entre los Broncos de Denver y los Riders de Oakland. ,FALSE,,FALSE,,,,
archer,Cómo que está vacía?,FALSE,,FALSE,,,,
archer,"Sí, pero dudo que",FALSE,,FALSE,,,,
kyle,Nosotros ya no pateamos más,FALSE,,FALSE,,,,
criminal,"Protesto por el término canguro, porque claramente no soy un bebé",FALSE,,FALSE,,,,
randy,"Ya dije mi preocupación, sí. Les advierto que ser así de sarcástico es peligroso",FALSE,,FALSE,,,,
archer,"Me figuro que mientras te mato a golpes literalmente, espera, sí literalmente, la mano gicante cambiará mi selector de medio cañero a mega cañero",FALSE,,FALSE,,,,
archer,¿No está preocupada?,FALSE,,FALSE,,,,
lana,"Bueno, yo lo llamaría un éxito relativo",FALSE,,FALSE,,,,
archer,"Seguro que no cuentan que también cambio pañales, así que...",FALSE,,FALSE,,,,
archer,Qué coño pasa aquí?,FALSE,,FALSE,,,,
archer,"En serio? A cubierto! Vamos, Cyril!",FALSE,,FALSE,,,,
archer,"Krieger, los conductos de aire siguen con gas nervioso?",FALSE,,FALSE,,,,
cartman,"Sí, se lo dije, estuve mirándolo todo el día",FALSE,,FALSE,,,,
cheryl,De verdad en la buena,FALSE,,FALSE,,,,
kyle,Ni siquera hacen un burrito de seis capas,FALSE,,FALSE,,,,
butters,"Este gran juego no se basa en jugadas. Se basa en camradería y en la compasión. Y cuando miro en este vestidor, veo algunos de los chicos más amables y compasíbles que he conocido. Tú Ken, eres más amable que cualquiera y Clyde, tú, abrazas mejor que cualquiera en este campo de juego",FALSE,,FALSE,,,,
archer,Así que tenemos que ir a la armería,FALSE,,FALSE,,,,
archer,"Lana, véte, AJ está en buenas manos. Sé lo que hago, he leído diez libros del club de las canguros",FALSE,,FALSE,,,,
archer,"Eh, qué va! Solo esa frase!",FALSE,,FALSE,,,,
lana,De verdad?,FALSE,,FALSE,,,,
archer,"Así, básicamente lo más cañero",FALSE,,FALSE,,,,
butters,"Chicos, no entiendo el futbol. Por eso, creo que soy mal jugando",FALSE,,FALSE,,,,
conway,"No, es.. blindado",FALSE,,FALSE,,,,
archer,Y sigo sin ver por qué tengo yo que cargar del pibe,FALSE,,FALSE,,,,
randy,"Aubuelo, cuánto gastaste en eso?",FALSE,,FALSE,,,,
archer,Lana,FALSE,,FALSE,,,,
slater,"Es Streling Archer, este es Baruk Ascani",FALSE,,FALSE,,,,
archer,Sí o en un motél o en un váter por...,TRUE,alusión,FALSE,,manera,,representativo
criminal,Quiero decir que esa es la única puerta,FALSE,,FALSE,,,,
lana,"Espera, ¿ya te sabía la clave?",FALSE,,FALSE,,,,
criminal,Estoy cargando,FALSE,,FALSE,,,,
criminal,No le importa lo que estoy haciendo con su sevidor?,FALSE,,FALSE,,,,
pam,"Con usted, cuesta distinguir",FALSE,,FALSE,,,,
randy,"Sí, no, no. Bien hecho por usted",TRUE,insinceridad,FALSE,contrario,calidad,,expresivo
archer,Y yo,FALSE,,FALSE,,,,
cartman,"Hola, Craig, como estás? Token apuesto que tu mamá tiene joyas que no le extrañará perder. Bebe, te ofrezco algo para tus diamantes falsos de tus aretes. Quizá pueda darte... Butters, qué carajos!",FALSE,,FALSE,,,,
randy,"Rayos, esto es genial, mi semana acaba de mejora mucho",TRUE,"insinceridad,emocional",TRUE,distinto,calidad,,expresivo
slater,Te pido que no sigas,FALSE,,FALSE,,,,
archer,Desintoxicándose,TRUE,insinceridad,FALSE,distinto,calidad,,representativo
lana,¿Y puedes prometer que aunque Conway?,FALSE,,FALSE,,,,
archer,"Sí, soy igualíto que Cristi con un toquecíto de Claudia",FALSE,,FALSE,,,,
dependiente de oro,"""Que se pasó por fuera de mi tienda y dijo: """"una señora asiática me encantará joderla"""". Un jodedor de mujeres asiáticas""",FALSE,,FALSE,,,,
krieger,No,FALSE,,FALSE,,,,
archer,"Es broma, son sus tres días libres anuales. Suelen ser dos, pero le he dejado recuperar uno del año pasado",FALSE,,FALSE,,,,
malory,Y ya que eres la única de aquí que odia a los niños,FALSE,,FALSE,,,,
stan,"Tiene razón, chicos, a partir de ahora eres el capitán Butters. ¡Llévanos a la victoria!",FALSE,,FALSE,,,,
archer,Sí,FALSE,,FALSE,,,,
archer,Rondie?,FALSE,,FALSE,,,,
randy,"Sí lo pienso realmente. Ayúdame, Sharon, ayúdame",TRUE,"insinceridad,alusión",FALSE,contrario,calidad,,"representativo,directivo"
randy,"Sí claro, ahora no puedo dejar el sarcasmo",TRUE,"insinceridad,alusión",FALSE,contrario,calidad,,representativo
lana,¿Y por qué nosotros? ¿No es mejor que quede en casa en la CIA?,FALSE,,FALSE,,,,
las dos,¿La cabeza de quién?,FALSE,,FALSE,,,,
archer,Porque no quieres que beba licores,TRUE,alusión,FALSE,distinto,manera,expectación,representativo
lana,Pero cuando veas que no. Cállate! Esto es el número de centro de CIA de un empleado que vendrá a avisarme,FALSE,,FALSE,,,,
slater,"Es Slater a secas y esperé. ¿Perdona, vamos a tener un problema tú y yo?",FALSE,,FALSE,,,,
cyril,Ray. ¿Lo ves?,FALSE,,FALSE,,,,
animador,"Espera Vivian, te comunicamos con un representante y saludarás a él. Gracias por comprar con nosotros y felicitaciones por estos aretes faux de cuatorce quilates. A ese precio fue prácticamente un robo",FALSE,,FALSE,,,,
slater,Es que quieres cabrearme?,FALSE,,FALSE,,,,
anuncio,Busca ya una botella de la cremosidad de Butters,FALSE,,FALSE,,,,
slater,Esto a… ¿Vuelvo en otro rato?,FALSE,,FALSE,,,,
animador,No lo recuerdas? Pero recuerdas el número de tu tarjeta de crédito?,FALSE,,FALSE,,,,
cyril,"Archer, eso es ",FALSE,,FALSE,,,,
jugador,¿Practicar un lunes? ¡Justo lo que yo quería hacer!,TRUE,"insinceridad,emocional",TRUE,contrario,calidad,expectación,expresivo
lana,"Oye, no te preocupes por AJ, ¿vale?",FALSE,,FALSE,,,,
randy,"Fue bueno, Payton, pero hay que mejorar",FALSE,,FALSE,,,,
cartman,Tiene un sabor a humo y también a cloro,FALSE,,FALSE,,,,
criminal,"No, gracias, no debería",FALSE,,FALSE,,,,
stan,"Sí amigo, es una réplica de la corbata del Rey Enrique V",FALSE,,FALSE,,,,
pam,Á mí no me grite que no la he perdido. Intente volver sobre sus patos,FALSE,,FALSE,,,,
cartman,"Bueno, no estoy jodiéndola y lo sabe",FALSE,,FALSE,,,,
lana,De las diez dobles,FALSE,,FALSE,,,,
criminal,Buena suerte con las cartas sangrientas,FALSE,,FALSE,,,,
krieger,Y literalmente,FALSE,,FALSE,,,,
pam,¡Eh! ¿Es mucho pedir durante la maldíta jordana laboral dos sesiones de ochenta minutos sin interrupciones para cagar?,FALSE,,FALSE,,,,
lana,Eso no es excusa... Espera esa es tu excusa?,FALSE,,FALSE,,,,
stan,Ustedes son la escoria del mundo! Los ancianos son víctimas de canales de venta y ustedes descansan en sus mansiones y ganan billones!,FALSE,,FALSE,,,,
lana,No,FALSE,,FALSE,,,,
lana,"Oye, nos vamos en cinco minutos",FALSE,,FALSE,,,,
stan,Sí puede hacerle pruebas,FALSE,,FALSE,,,,
randy,"A caso no ven. Ya que estamos en esto, deberíamos reemplazar el balón por un globo. Y quién atrape el globo correrá mientras el resto de los jugadores se abrazan",TRUE,"alusión,insinceridad",TRUE,distinto,"calidad,relevancia",expectación,representativo
kyle,Este sujeto intenta timarnos podemos ir a otro lado,FALSE,,FALSE,,,,
lana,Por qué iba a traer cerveza?,FALSE,,FALSE,,,,
archer,"Sí, idiota y también varias balas",FALSE,,FALSE,,,,
cyril,"Y mientras sacamos AJ de aquí, tú qué vas a hacer?",FALSE,,FALSE,,,,
randy,"Momento, momento, wow. ¿Qué mierda es esa?",FALSE,,FALSE,,,,
criminal,"Mucho, venga, ahora meta la secuencia de datos...",FALSE,,FALSE,,,,
dependiente de oro,Qué esmeralda le gusta,FALSE,,FALSE,,,,
slater,"Sí, Conway Stern. ¿Preguntas?",FALSE,,FALSE,,,,
archer,Sí,FALSE,,FALSE,,,,
criminal,Sí ya la tengo. Qué bien!,FALSE,,FALSE,,,,
krieger,"Sí, pero ",FALSE,,FALSE,,,,
stan,"Tiene idea de como se sentiría comenzar a perder sus recuerdos? No, porque ninguno de sus familiares está sufriendo de alzheimer, pues yo sí",FALSE,,FALSE,,,,
rodger goodell,"Como comisionado de NFL, me entusiasma ver que la joventud de nuestro país acepta el sarcasmobol sobre el futbol tradicional. ¿Pero, por qué detenernos allí? Como futbol es de bárbaros, nosotros deberíamos cambiar también. Le demos la bienvenida al nuevo entrenador de Broncos de Denver, Randy Marsh. Felicitaciones Marsh, buen trabajo",TRUE,"insinceridad,alusión,emocional",TRUE,distinto,calidad,,"representativo,expresivo,declarativo"
lana,¿Lo dices porque tienes hambre?,TRUE,,FALSE,,calidad,expectación,representativo
archer,"A tu ridículo, qué es un tipi?",FALSE,,FALSE,,,,
cartman,Qué dijo?,FALSE,,FALSE,,,,
dependiente de oro,"Bienvenido, bienvenido a la tienda de despeto",FALSE,,FALSE,,,,
cartman,"Como verá, quiero evitar los intermediarios. Quiero comprarles sus joyas directamente a ustedes para... Hijos de puta!",FALSE,,FALSE,,,,
archer,"Después de puñalarme, literalmente, por la espalda",FALSE,,FALSE,,,,
archer,"Sí. ¿Puedo empezar, yo? ¿Os importa si empiezo yo? Tú estás como una puta cabra",FALSE,,FALSE,,,,
criminal,Esos tíos. Qué imbéciles! No?,FALSE,,FALSE,,,,
cheryl,¿Qué haces Ley?,FALSE,,FALSE,,,,
madre de stan,¿No ves qué este deporte le hizo a su padre? ¿Acaso quieres terminar como él?,FALSE,,FALSE,,,,
espectador,"¡Sí, soy fanático de todas tus temas de moda!",TRUE,"insinceridad,emocional",TRUE,distinto,calidad,,expresivo
archer,"Claro que lo vamos a hablar luego, te lo prometo",FALSE,,FALSE,,,,
madre de stan,"¿Randy, te lo piensas?",FALSE,,FALSE,,,,
archer,"Ni tú. Me de igual que seaís el presidente y la primera dama de Brasilia de visita en América de buena voluntad para los sedes de los servicios de la inteligencia. El coronel Lando de las fuerzas especiales no trabaja para tí.  Aunque, la tapadera, la has clavado",FALSE,,FALSE,,,,
ray,Qué ha dicho?,FALSE,,FALSE,,,,
todos,¿Eso qué es?,FALSE,,FALSE,,,,
archer,"No, en serio",TRUE,"alusión,emocional,insinceridad",FALSE,contrario,calidad,,representativo
slater,"De acuerdo, pero porque yo quiero. Uno de nuestros, pues supongo que podemos llamarlos freelance.",FALSE,,FALSE,,,,
conway,No me jodas,FALSE,,FALSE,,,,
butters,"Oh, siento, lo siento. Todos tenemos un relleno cremoso, Eric. Y muchos tenemos tantos sentimientos que de vez en cuanto se escapan. Muchas veces que estoy durmiendo, y en especial, si estoy teniendo sueños hermosos que me hacen sentir bien. A veces me despierto y cuando lo hago, me doy cuenta de que mi cremosidad se salió. Oy, Dios, esta vez fue mucho. Pero siempre me aseguro guardarla por si me quedo sin mis sentimientos de felicidad",FALSE,,FALSE,,,,
butters,"Mi cremosidad no sale todas las noches, pero va seguro de estar abastecido",FALSE,,FALSE,,,,
criminal,Eres él que está desangrando,FALSE,,FALSE,,,,
lana,¡Eh!,FALSE,,FALSE,,,,
archer,Archerizar este plan,FALSE,,FALSE,,,,
archer,Callados y esperad a mi señal,FALSE,,FALSE,,,,
criminal,Solo ese,FALSE,,FALSE,,,,
butters,¿Qué es sarcasmo y qué es esperma?,FALSE,,FALSE,,,,
sujeto de comprar oro 4,"Así es, quien lo rimó, nos timó",FALSE,,FALSE,,,,
butters,"Sí, pero no puedo ser el capitán. Soy malo en todo",FALSE,,FALSE,,,,
cheryl,El mexicano negro,FALSE,,FALSE,,,,
criminal,"Espere, espere",FALSE,,FALSE,,,,
archer,"No señor Archer, ni hablar, no hasta que me lleve a la sede de ISIS para que pueda acceder al ordenador central",FALSE,,FALSE,,,,
guardia,"Y su identificación, por favor",FALSE,,FALSE,,,,
stan,Y en la escuela no hacemos las jugadas ya que son peligrosas,FALSE,,FALSE,,,,
animador,"Mali tiene el globo. Está deciendo cosas muy lindas sobre el otro equipo. Malin se encuentra con G Woodly. Le entrega el globo a Woodly. El árbitro se acerca. El árbitro decide que es una notación. Espera, ahora se acerca otro árbitro y señala que es un punto en contra",FALSE,,FALSE,,,,
abuelo,"Algún día le gustarán, le gustarán mucho. Ella es un beba todavía. ",FALSE,,FALSE,,,,
dependiente de oro,"Muy buena elección. Es muy hermosa, miren es muy hermosa",FALSE,,FALSE,,,,
archer,Baruk?,FALSE,,FALSE,,,,
cheryl,"Primero, lo del mes pasado no fue violencia homófoba",FALSE,,FALSE,,,,
archer,Y ya estoy haciendo de canguro de que claramente sí es un bebé,FALSE,,FALSE,,,,
archer,Estáis jugando al strip poker?,FALSE,,FALSE,,,,
butters,Mi salchicha está dura como una flecha,FALSE,,FALSE,,,,
lana,Mi?,FALSE,,FALSE,,,,
lana,"Pero, podrías haber conseguido el disco tú solo. ¿Para qué nos has hecho venir?",FALSE,,FALSE,,,,
stan,No collar de oro con diamantes,FALSE,,FALSE,,,,
malory,"Por favor, es un esqueleto de bebé",FALSE,,FALSE,,,,
randy,Se acabó. Debería irme a casa y olvidarme de lo que este deporte me ha hecho. ¡Que miles de personas juegen el sarcasmobol y terminen como yo!,TRUE,"insinceridad,emocional",TRUE,distinto,calidad,expectación,"expresivo,representativo"
un niño,No recuerdo si debemos abrazar el defensor o decirle algo lindo. Estoy confundido,FALSE,,FALSE,,,,
criminal,Dónde cojones está el botiquín,FALSE,,FALSE,,,,
criminal,Así?,FALSE,,FALSE,,,,
slater,Me voy,FALSE,,FALSE,,,,
stan,Esta corbata cuesta seis mil dólares,FALSE,,FALSE,,,,
malory,tiene,FALSE,,FALSE,,,,
criminal,Claro que sí. Puedo cogerla?,FALSE,,FALSE,,,,
dependiente de oro,"De acuerdo, de siete capas, pero esto es mi mejor oferta",FALSE,,FALSE,,,,
dependiente de oro,"Son diamantes genuinos, verdad?",FALSE,,FALSE,,,,
lana,Acabo de hacer. A ver dónde está y cuál es la información,FALSE,,FALSE,,,,
conway,"Como una mujer despechada, ¿te acuerdas de que te despeché un poco la última vez que nos vimos?",FALSE,,FALSE,,,,
archer,"Cómo que no? Y se ve que es una bromista, pero le aseguro señor Archer, que todo esto es muy real",FALSE,,FALSE,,,,
krieger,"Bueno, ¿qué tal? ¿Cómo te va?",FALSE,,FALSE,,,,
archer,"¿Qué te importa, Lana?",FALSE,,FALSE,,,,
cartman,"Butters, tú entiendes este juego mejor que nadie",FALSE,,FALSE,,,,
kyle,"¿Eh, cómo es que no tenemos un entrenador?",FALSE,,FALSE,,,,
cyril,Nos vamos ya?,FALSE,,FALSE,,,,
slater,"Sí, ese Ley te da secas, una sola palabra y…",FALSE,,FALSE,,,,
archer,"Hola, chicos",FALSE,,FALSE,,,,
cyril,Yo no te jodo,FALSE,,FALSE,,,,
animador,"Lo cierto es que el juego es muy emocionante. Y un juego emocionante que terminó en cero a cero es un juego que quiero ver dos veces. Es un juego que quiero ver cuatro veces. Oye esto, quiero ver este juego cinco veces. Buena suerte el domingo. Seguro que será otro juego que querré ver dos veces. Oye esto, trece veces",TRUE,insinceridad,TRUE,distinto,"calidad,cantidad",expectación,"expresivo,comisivo"
malory,"Tóma ya, actos se estudian",FALSE,,FALSE,,,,
malory,En los cojínes de sofá no he estado,FALSE,,FALSE,,,,
conway,"Creo que sufro una conmoción. El infierno no conoce ira, ¿eh?",FALSE,,FALSE,,,,
cheryl,Haber cruzado el río grande?,TRUE,alusión,FALSE,,relevancia,,representativo
cyril,"Cuando cerramos, aquel tipo",FALSE,,FALSE,,,,
conway,¿Su hija es tuya?,FALSE,,FALSE,,,,
padre de butters,"Oh, bien, Butters. Es la brújula de amistad. Cuando hay amigos tuyos en el área, tu pequeña brújula indica donde están. Apunta hacia arriba, porque Jesús es tu amigo",FALSE,,FALSE,,,,
ray,"Rondie, era el que estaba pensando",FALSE,,FALSE,,,,
randy,Mi hijo está jugando a ese juego ahora. Me alegra el corazón ver como usted se preocupa por su seguridad,TRUE,"insinceridad,emocional",TRUE,distinto,calidad,expectación,"expresivo,representativo"
randy,"Gracias, comisionado. Me emociona formar parte de todo esto, gracias",TRUE,"insinceridad,emocional",FALSE,contrario,calidad,,expresivo
cheryl,Creía que era la cuija,FALSE,,FALSE,,,,
cartman,"No sé, creo que llevaría esa de allí",FALSE,,FALSE,,,,
archer,Ya lo sé,FALSE,,FALSE,,,,
lana,"A él, Slater dice que has estado genial",FALSE,,FALSE,,,,
butters,"No Eric, eres un jugador genial",FALSE,,FALSE,,,,
empresario,"Quien lo negó, lo proveyó",FALSE,,FALSE,,,,
criminal,"Recargando, no sé para qué lo digo en voz alta",FALSE,,FALSE,,,,
criminal,"Porque así lo siguiente será mucho más fácil, bueno para mí",FALSE,,FALSE,,,,
butters,Bien hecho niño,FALSE,,FALSE,,,,
abuelo,"Oh, para mí? Oh, dios mío, allí está, el viejo Patches con su caríta de felizidad. Gracias Villy, significa mucho para mí. Villy, esa corbata que usas, no sé de dónde la sacaste pero es supergay",FALSE,,FALSE,,,,
dependiente de oro,"Pagué miles, y usted me jode",FALSE,,FALSE,,,,
lana,Se me ocurren unas cuántas más,FALSE,,FALSE,,,,
guardia,"Su identificación, coronel",FALSE,,FALSE,,,,
malory,"Y como le hayas tocado un solo pelo en su cabecíta castaña, te voy a",FALSE,,FALSE,,,,
cheryl,Porque te voy a molar los sesos en las escaleras de color,FALSE,,FALSE,,,,
criminal,Y haberle contado lo que estoy haciendo ha sido claramente para despistar. Vale?,FALSE,,FALSE,,,,
pam,"No, es que aquí hace un calor de cojones",FALSE,,FALSE,,,,
stan,Un burrito de seis capas?,FALSE,,FALSE,,,,
stan,No?,FALSE,,FALSE,,,,
archer,"Oh, por un momento creía que eráis Lana",FALSE,,FALSE,,,,
sharon,"Es una hermosura, papá, gracias. Oy, mañana les toman los fotos escolares, también puede usarla",FALSE,,FALSE,,,,
archer,Es que estás de su lado? Ese cabrón ha amenazado a hacer daño a AJ. Que ahora que lo pienso es la culpable de todo esto...,FALSE,,FALSE,,,,
randy,"Gracias, Jim, porque esa siempre fue mi intención desde que se me ocurrió la idea, sabía que iba a terminarse de este modo",TRUE,insinceridad,FALSE,distinto,calidad,,"expresivo,representativo"
archer,"¿Y cuándo? ¿Por qué no quieres hablar de ello, Lana?",FALSE,,FALSE,,,,
criminal,Deje de decir eso,FALSE,,FALSE,,,,
ray,"¿Tu sabes cómo eres? Si es alguien de aquí, seré yo",FALSE,,FALSE,,,,
archer,Pero voy a dar por hecho que ha pedido refuerzos,FALSE,,FALSE,,,,
archer,Sí,FALSE,,FALSE,,,,
archer,"Por Dios, te tienes que relajar. Oh uah? Y no hay cerveza?",FALSE,,FALSE,,,,
animador,"Sí, Jackson recibe un golpe real, y no estoy seguro de lo que hace ahora, pero",FALSE,,FALSE,,,,
vivian,Eh 37 15,FALSE,,FALSE,,,,
todos,Sí,FALSE,,FALSE,,,,
cilo,Amo el sarcasmobol. Es mucho mejor que el futbol. Me alegra que no haya violencia en los deportes. Y el sarcasmobol es más divertido para ver,TRUE,"insinceridad,emocional",TRUE,contrario,calidad,expectación,expresivo
randy,"Sí, sí, hagámos esto, la economía está en excusado, se acerca una elección importante, pero la prioridad de este país debe ser que el futbol sea más seguro",TRUE,"insinceridad,alusión",TRUE,distinto,calidad,expectación,"representativo,directivo"
mr. mackey,"Sí, decidíamos que sin las patadas por la preocupación creciente de las conmociones, m'kay",FALSE,,FALSE,,,,
krieger,"No, no dispares. Allí está el bebé",FALSE,,FALSE,,,,
malory,Eso también,FALSE,,FALSE,,,,
archer,"Vale, sí, ten cuidado. ",FALSE,,FALSE,,,,
slater,"En fin, hasta que encuentren el topo y lo saquen, necesito que hagas canguro",FALSE,,FALSE,,,,
malory,El señor Slater,FALSE,,FALSE,,,,
archer,Y quítate ese chisme tan ridículo,FALSE,,FALSE,,,,
archer,"Sí, Lana, en serio. ¿Por qué mi madre no es apta para criar a AJ?",FALSE,,FALSE,,,,
cheryl,En Cánada no funciona nada,FALSE,,FALSE,,,,
cheryl,Parece que quiere ocultarlo,FALSE,,FALSE,,,,
randy,Eso es,FALSE,,FALSE,,,,
ray,Esto no se ve todos los días,FALSE,,FALSE,,,,
criminal,"Oye, oye, tienes que escuchar, no sé qué pasa aquí, pero tienes que darme la niña.",FALSE,,FALSE,,,,
todos,¿Qué?,FALSE,,FALSE,,,,
malory,"Estaba allí en el cochecíto, me puse una copa, llamó mi peletero, por cierto, me roba descaradamente. Llamé a la imigración para intentar que le deportaran a su padre. Me puse otra copa, pero no quedaba hielo, así que, ¡ah!",FALSE,,FALSE,,,,
butters,"Sé positivo, Stan. Chicos, abracense, abracense. ¿Bien, qué está ocurriendo aquí?",FALSE,,FALSE,,,,
archer,Vale,TRUE,"insinceridad,alusión",FALSE,contrario,calidad,expectación,expresivo
lana,Y calla. ¿Y qué operación está llevando a cabo CIA en Argentina?,FALSE,,FALSE,,,,
randy,"Gracias, Jim",FALSE,,FALSE,,,,
slater,"Sí por los oídos, cállate!",FALSE,,FALSE,,,,
criminal,Perfecto!,FALSE,,FALSE,,,,
slater,"En fin, lo llevaba un piso Franco de la CIA, pero nos estaba esperando varios de sus ex compañeros y he tenido que salir a tiros",FALSE,,FALSE,,,,
archer,"Pero cómo sabían dónde? Por Dios, habrá un topo en la CIA?",FALSE,,FALSE,,,,
médico,"¿En serio? ¿Cree que hay una relación entre el sarcasmo y el sarcasmobol de verdad? ¡Qué fascinante, continúe por favor!",TRUE,"insinceridad,alusión",FALSE,distinto,calidad,,"expresivo,representativo"
animador,"Vivian, acabas de conseguir un regalo. Cómo es tu apellido, corazón?",FALSE,,FALSE,,,,
lana,No te queda azúcar,FALSE,,FALSE,,,,
lana,"Bueno, puede… Aunque tiene mala pinta",FALSE,,FALSE,,,,
randy,"Oh, sí, porque tengo mucho tiempo para eso, Sharon. De hecho por qué no preparas una cena de cuatro platos para todos, mejor una cena de siete platos.",TRUE,"insinceridad,alusión",TRUE,distinto,"calidad,cantidad",,"representativo,directivo"
malory,"Y los demás, no veo la necesidad de contarle a Lana lo sucedido. ¿Entendido?",FALSE,,FALSE,,,,
archer,"¿Quién eres? Eh espera, no recuerdo",FALSE,,FALSE,,,,
malory,¿Dónde está?,FALSE,,FALSE,,,,
lana,"Archer, no te",FALSE,,FALSE,,,,
niño,"¡Ay, sí!",FALSE,,FALSE,,,,
dependiente de oro,"Bienvenidos a Tac Bell, les gustan nuestros doritos locos tacos?",FALSE,,FALSE,,,,
stan,Quiero saber cuánto ofrece por esta corbata de oro y diamantes,FALSE,,FALSE,,,,
criminal,A dónde creía que va? ,FALSE,,FALSE,,,,
slater,Y cien grandes,FALSE,,FALSE,,,,
lana,"A ti, te he quitado un punto porque Pam estaba dando a AJ salchichas para comer",FALSE,,FALSE,,,,
animador,"Parece como si estuviera buscando sus llaves, Dan",FALSE,,FALSE,,,,
lana,¿Solo Bourbon?,FALSE,,FALSE,,,,
criminal,Yo,FALSE,,FALSE,,,,
animador,Jackson se detuvo a las 45 y se levanta lentamente ,FALSE,,FALSE,,,,
cartman,"Amigo, es supergay",FALSE,,FALSE,,,,
butters,Perdón,FALSE,,FALSE,,,,
malory,"Vale ya Sterling, algo habrías hecho, estoy segura. Pero ahora tienes la ocasión de enmendarlo, algo que no es muy frecuente",FALSE,,FALSE,,,,
criminal,Sí en el sueño improbable en el 23 de Lexington...,FALSE,,FALSE,,,,
kyle,Esa es la equación para crear el oro?,FALSE,,FALSE,,,,
randy,¿Ah?,FALSE,,FALSE,,,,
stan,Gracias,FALSE,,FALSE,,,,
archer,No hasta que me tome este batido de mate y caña con una nube de tres en uno,FALSE,,FALSE,,,,
conway,"Sí, hombre, todos lo veímos venir. ¡Suéltalas!",TRUE,"alusión,insinceridad",FALSE,distinto,calidad,expectación,"expresivo,directivo"
cartman,¿Quién lo necesita? Tenemos a Butters,FALSE,,FALSE,,,,
archer,Literalmente,FALSE,,FALSE,,,,
animador,"Bien amigos, estamos a la mitade de nuestra transmisión de hoy. Quieren aprovechar las ofertas? Llamen ya!",FALSE,,FALSE,,,,
abuelo,Es un buena idea,FALSE,,FALSE,,,,
animadoras de denver,"¡Wohoo! ¡Vamos Broncos, vamos! ¡Qué alegría de mierda!",TRUE,"insinceridad,emocional",FALSE,distinto,"calidad,manera",expectación,"directivo,expresivo"
butters,"¿Qué, qué? ¿Oh? ¡Oh! ¡Papá! Volvió a ocurrir. Volvió a salirse mi cremosidad",FALSE,,FALSE,,,,
criminal,Perdón?,FALSE,,FALSE,,,,
stan,"No estamos siendo sarcásticos papá. ¿Es tan difícil creer que realmente disfrutamos de un juego sin violencia? ¿Te cuesta tanto creer que cuando Butters dice que la competitividad no puede estar compasiva, está siendo sincero?",FALSE,,FALSE,,,,
cartman,"Estoy en el negocio de reventa, pero no consigo suficientes joyas de la gente, así que quiero comprar las suyas",FALSE,,FALSE,,,,
ray,Está en la caja fuerte!,FALSE,,FALSE,,,,
malory,¡Te voy a matar!,FALSE,,FALSE,,,,
lana,"Conway, coge lo que necesites, me figuro que unas pilas nuevas, y vamos a sacarte da aquí.",TRUE,insinceridad,FALSE,distinto,calidad,,directivo
criminal,Espero no tener que llegar hasta eso,FALSE,,FALSE,,,,
stan,Es la misma corbata que tenía el Rey Enrique V,FALSE,,FALSE,,,,
archer,Vale,FALSE,,FALSE,,,,
stan,"Cartman, eres idiota",FALSE,,FALSE,,,,
archer,Coño,FALSE,,FALSE,,,,
criminal,"Ha contratado a un canguro, hola soy Maní",FALSE,,FALSE,,,,
animador,"Randy, primero permiteme agradecerte por tomar un juego que amamos y convertirlo en una pesadilla. ¡Muy bien hecho!",TRUE,"insinceridad,emocional",FALSE,distinto,calidad,expectación,expresivo
criminal,"Se lo diré de todas formas, lo estoy usando para colocar mi programa de espía ultramoderna en la sede de CIA para que la inteligencia paquistaní sepa todo lo que hacen en tiempo real",FALSE,,FALSE,,,,
randy,"Oh, sí soy el que inventó el sarcasmobol. No hay manera de que sepa cómo entrenarlos",TRUE,"insinceridad,alusión",FALSE,distinto,calidad,expectación,representativo
stan,"Butters, eres malo en todos los deportes",FALSE,,FALSE,,,,
randy,"Sube al auto, Stan. Nos vamos a la casa",FALSE,,FALSE,,,,
randy,"Ah, bien hecho, árbitros del juego",TRUE,"insinceridad,alusión",FALSE,contrario,calidad,expectación,expresivo
cheryl,"Vale, pues, lo veo pero el espía tiene un arma. Creo que está robando al señor Archer",FALSE,,FALSE,,,,
slater,"Ah, en fin, lo han descubierto. La inteligencia Argentina va por él y hay que sacarlo de allí cagando leches",FALSE,,FALSE,,,,
criminal,"Tu puta madre, me has disparado!",FALSE,,FALSE,,,,
ray,Y por lo visto le va muy bien,FALSE,,FALSE,,,,
criminal,Solo es una de las muchísimas otras cosas que podría estar haciendo,FALSE,,FALSE,,,,
randy,"Stan, Stan",FALSE,,FALSE,,,,
lana,Vamos a hablar de beber tres litros de mexicanos negors antes de conducir con tu hija y un actuante dentro,FALSE,,FALSE,,,,
malory,¿Por qué no te callas? Tengo que pensar,FALSE,,FALSE,,,,
lana,Desde luego estás conmocionado,FALSE,,FALSE,,,,
criminal,"Y de dónde viene lo de piso franco, verdad? Tendrían que llamarlos pisos sin nombre. Pero aquí estoy a salvo, no?",FALSE,,FALSE,,,,
kyle,"""Y si lo llevas a uno de esos lugares de empeño. En cada dos cuadras hay un sujeto con un cartel que dice: """"compramos oro"""". Mucha gente lo hace""",FALSE,,FALSE,,,,
lana,Uh,FALSE,,FALSE,,,,
todos,Sí,FALSE,,FALSE,,,,
malory,¿A quién iban a elegir si no?,FALSE,,FALSE,,,,
malory,"Cyril, ponle a cría salvo",FALSE,,FALSE,,,,
conway,"No puedo, no tengo la infromación",FALSE,,FALSE,,,,
stan,"Lo siento, mi papá está tomándose el sarcasmobol profesional muy en serio",FALSE,,FALSE,,,,
randy,"Sí, somos tus padres, no podemos decirte qué hacer",TRUE,"insinceridad,alusión",FALSE,contrario,calidad,norma,representativo
archer,"Si nos pasa algo a los dos, ¿quién se hará cargo de la niña?",FALSE,,FALSE,,,,
archer,Y por qué me cuentas esto?,FALSE,,FALSE,,,,
cyril,"Pues ahora que lo dices, sí se le veía un poco nervioso",FALSE,,FALSE,,,,
archer,Y yo. Pagar por pasar veintiquatro horas en una yurta es sin duda la tontería más grande que has hecho,FALSE,,FALSE,,,,
mr. mackey,"Eh, salgan del campo, m'kay",FALSE,,FALSE,,,,
archer,Pero te lo dije por tu bien,FALSE,,FALSE,,,,
cyril,Así es justo cómo murió Bret,FALSE,,FALSE,,,,
lana,No me parece el momento para hablar de eso,FALSE,,FALSE,,,,
criminal,Ya la cerramos con llave?,FALSE,,FALSE,,,,
malory,"Lana, supongo que era una analogía deportiva para hacernos de menos, pero aceptamos la misión. ¿Verdad Sterling?",FALSE,,FALSE,,,,
espectador,¡Duro con ellos! ¡Amor con compasión!,TRUE,"insinceridad,alusión",FALSE,distinto,calidad,,directivo
archer,"Antes de que me dispares, puedo decirte una cosa?",FALSE,,FALSE,,,,
criminal,Bueno vale,FALSE,,FALSE,,,,
dependiente de oro,"Oro de cuatorce quilates, o sea cuatorce dólares al gramo en el mercado, tenemos unos cuatro grámos. Esto es una pérdida de tiempo. Puedo ofrecerte un burrito de seis capas por esto",FALSE,,FALSE,,,,
randy,"Papá, no deberías gastar el dinero de tu jubilación en frivolidades. Deberías guardarlo para cuando te mueras y ese dinero es nuestro",FALSE,,FALSE,,,,
lana,Aún así mentiste cuando me dijiste que no ibas a beber,FALSE,,FALSE,,,,
criminal,"De mi primo, la que me diste no daba pego, y pensé que con una de verdad me metería más en el papel",FALSE,,FALSE,,,,
archer,Te lo dije,FALSE,,FALSE,,,,
cartman,Y ese brazaleta de tanzanita nueve noventa y cinco,FALSE,,FALSE,,,,
randy,"Perdón, perdón, momento, no debo ser sarcástico. Volveré a intentar. Escuchen todos, si permiten que sus hijos jueguen a sarcasmobol, son unos genios.",TRUE,insinceridad,FALSE,distinto,calidad,,"expresivo,representativo"
lana,Hablemos de esto luego,FALSE,,FALSE,,,,
malory,"Idiota, todavía no come sólidos!",FALSE,,FALSE,,,,
archer,No,FALSE,,FALSE,,,,
criminal,Eso es muy cañero,FALSE,,FALSE,,,,
animador,Y con eso los Browns están listos para batir el balón contra los Broncos,FALSE,,FALSE,,,,
criminal,Yo creo que lo he bordado,FALSE,,FALSE,,,,
stan,De qué estás hablando?,FALSE,,FALSE,,,,
slater,"Bueno, no vamos a poner un par de novatos sin experiencia en la lineación inicial de la amenaza…",FALSE,,FALSE,,,,
kyle,No podemos,FALSE,,FALSE,,,,
archer,"Oh, por favor, sabemos que es Buenos Aires",FALSE,,FALSE,,,,
criminal,Se ha ido?,FALSE,,FALSE,,,,
dependiente de oro,"Bien, ocho dólares",FALSE,,FALSE,,,,
animador,"Bienvenidos a Rome, donde hablamos de sarcasmobol. No puedo esperar. No puedo esperar para hablar de sarcasmobol porque es tan interesante. Me acompaña el entrenador de los Broncos de Denver e inventor de sarcasmobol, Randy Marsh. Gracias por estar aquí Randy, estoy feliz de que estés en el programa.",TRUE,insinceridad,FALSE,distinto,"claidad,cantidad",,"representativo,expresivo"
cheryl,"Vuélvete a Canadá, Ben Jhonsson!",FALSE,,FALSE,,,,
malory,"Lo sabía, en el fondo de mi corazón, sabía que era de los buenos",TRUE,insinceridad,TRUE,contrario,calidad,,expresivo
pam,Pues si no vamos a jugar al poker,FALSE,,FALSE,,,,
slater,Porque pusiste en pelígro su misión,FALSE,,FALSE,,,,
slater,Esperé que ya haya pasado. Creía que iban a reformar este sitio,FALSE,,FALSE,,,,
niño,"Hola, cuánto me ofrecerías por esto?",FALSE,,FALSE,,,,
cyril,No es el sueño improvisable?,FALSE,,FALSE,,,,
cheryl,Mal y en exceso,FALSE,,FALSE,,,,
malory,"Krieger, andabamos allí cuando fui a buscar hielo. Vamos al laboratorio de ese monstruo",FALSE,,FALSE,,,,
lana,"Porque estaré sin móvil, así que si ves que no eres capaz de ",FALSE,,FALSE,,,,
conway,Mentía. es mi verdadero nombre,FALSE,,FALSE,,,,
ray,Pero bueno,FALSE,,FALSE,,,,
krieger,"No, esperad, el osíto está por aquí, o estaba. Os juro que… ¿Osíto?",FALSE,,FALSE,,,,
butters,"¿Y creemos que North va a llevarse la victoria solo porque son más amables que nosotros? La amabilidad, la llevamos adentro. Cuando el enémigo sea amable, nosotros le devolvemos la amabilidad. Si nos dan dos calvos, les damos tres.",FALSE,,FALSE,,,,
archer,Chúpamela,FALSE,,FALSE,,,,
madre de stan,"¿Cómo se soluciona, doctor?",FALSE,,FALSE,,,,
abuelo,"Ves eso, Villy? Es una esmeralda en oro de cuatorce quilates. Crees que le gustaría algo así a tu hermanita?",FALSE,,FALSE,,,,
randy,¡Boom! ¿Vieron ese golpe?,FALSE,,FALSE,,,,
pam,Cago en la leche,FALSE,,FALSE,,,,
mr. mackey,¿Y a los alumnos les gustará eso?,FALSE,,FALSE,,,,
médico,¿Sabe qué? Tengo un paciente de cincuenta años con alzheimer esperándome que no recuerda ni a su familia. Olvidémonos de él y concentrémonos en los supuestos efectos del sarcasmobol en el cerebro,TRUE,insinceridad,TRUE,distinto,calidad,norma,"directivo,representativo"
kyle,Eso cuesta tanto?,FALSE,,FALSE,,,,
lana,"No se compra, hombre, se",FALSE,,FALSE,,,,
conway,Horatio Kane,FALSE,,FALSE,,,,
dependiente de oro,"Qué buen ojo! Es muy listo! Se aprovecha de mí, le gusta joder a mujeres asiáticas?",FALSE,,FALSE,,,,
archer,"Yo qué sé, digo yo qué será",FALSE,,FALSE,,,,
sujeto de comprar oro 2,"Lo han entendido mal. Las joyas que venden en eso canales ni siquiera son las nuestras. Son de la India, del mismo lugar de qué proviene sus refranes",FALSE,,FALSE,,,,
vivian,Oooo... Me llamo Vivian,FALSE,,FALSE,,,,
conway,¿De dónde? ¿Del coño de tu madre?,TRUE,alusión,TRUE,distinto,"manera,calidad,relevancia",expectación,representativo
stan,"Ah, sí esto podría funcionar",FALSE,,FALSE,,,,
